CREATE DATABASE  IF NOT EXISTS `zwemwedstrijden` /*!40100 DEFAULT CHARACTER SET utf8mb4 COLLATE utf8mb4_unicode_ci */ /*!80016 DEFAULT ENCRYPTION='N' */;
USE `zwemwedstrijden`;
-- MySQL dump 10.13  Distrib 8.0.33, for Win64 (x86_64)
--
-- Host: localhost    Database: zwemwedstrijden
-- ------------------------------------------------------
-- Server version	8.0.33

/*!40101 SET @OLD_CHARACTER_SET_CLIENT=@@CHARACTER_SET_CLIENT */;
/*!40101 SET @OLD_CHARACTER_SET_RESULTS=@@CHARACTER_SET_RESULTS */;
/*!40101 SET @OLD_COLLATION_CONNECTION=@@COLLATION_CONNECTION */;
/*!50503 SET NAMES utf8 */;
/*!40103 SET @OLD_TIME_ZONE=@@TIME_ZONE */;
/*!40103 SET TIME_ZONE='+00:00' */;
/*!40014 SET @OLD_UNIQUE_CHECKS=@@UNIQUE_CHECKS, UNIQUE_CHECKS=0 */;
/*!40014 SET @OLD_FOREIGN_KEY_CHECKS=@@FOREIGN_KEY_CHECKS, FOREIGN_KEY_CHECKS=0 */;
/*!40101 SET @OLD_SQL_MODE=@@SQL_MODE, SQL_MODE='NO_AUTO_VALUE_ON_ZERO' */;
/*!40111 SET @OLD_SQL_NOTES=@@SQL_NOTES, SQL_NOTES=0 */;

--
-- Table structure for table `adressen`
--

DROP TABLE IF EXISTS `adressen`;
/*!40101 SET @saved_cs_client     = @@character_set_client */;
/*!50503 SET character_set_client = utf8mb4 */;
CREATE TABLE `adressen` (
  `id` int NOT NULL AUTO_INCREMENT,
  `straat` varchar(45) COLLATE utf8mb4_unicode_ci NOT NULL,
  `huisnummer` varchar(45) COLLATE utf8mb4_unicode_ci NOT NULL,
  `gemeente` varchar(45) COLLATE utf8mb4_unicode_ci NOT NULL,
  `postcode` int NOT NULL,
  PRIMARY KEY (`id`)
) ENGINE=InnoDB AUTO_INCREMENT=3 DEFAULT CHARSET=utf8mb4 COLLATE=utf8mb4_unicode_ci;
/*!40101 SET character_set_client = @saved_cs_client */;

--
-- Dumping data for table `adressen`
--

LOCK TABLES `adressen` WRITE;
/*!40000 ALTER TABLE `adressen` DISABLE KEYS */;
INSERT INTO `adressen` VALUES (1,'Victor Braeckmanlaan','180','Gent',9040),(2,'Northlaan','14','Oostende',8400);
/*!40000 ALTER TABLE `adressen` ENABLE KEYS */;
UNLOCK TABLES;

--
-- Table structure for table `besttijden`
--

DROP TABLE IF EXISTS `besttijden`;
/*!40101 SET @saved_cs_client     = @@character_set_client */;
/*!50503 SET character_set_client = utf8mb4 */;
CREATE TABLE `besttijden` (
  `id` int NOT NULL AUTO_INCREMENT,
  `zwemmer_id` int NOT NULL,
  `programma_id` int NOT NULL,
  `besttijd` time(2) NOT NULL,
  PRIMARY KEY (`id`),
  KEY `fk_zwemmers_has_programmas_programmas1_idx` (`programma_id`),
  KEY `fk_zwemmers_has_programmas_zwemmers1_idx` (`zwemmer_id`),
  CONSTRAINT `fk_zwemmers_has_programmas_programmas1` FOREIGN KEY (`programma_id`) REFERENCES `programmas` (`id`),
  CONSTRAINT `fk_zwemmers_has_programmas_zwemmers1` FOREIGN KEY (`zwemmer_id`) REFERENCES `zwemmers` (`persoon_id`)
) ENGINE=InnoDB AUTO_INCREMENT=296 DEFAULT CHARSET=utf8mb4 COLLATE=utf8mb4_unicode_ci;
/*!40101 SET character_set_client = @saved_cs_client */;

--
-- Dumping data for table `besttijden`
--

LOCK TABLES `besttijden` WRITE;
/*!40000 ALTER TABLE `besttijden` DISABLE KEYS */;
INSERT INTO `besttijden` VALUES (1,999,2,'00:01:00.01'),(2,1203,2,'00:01:00.03'),(3,1435,2,'00:01:00.08'),(4,1485,2,'00:01:00.12'),(5,915,2,'00:01:00.22'),(6,1044,2,'00:01:00.41'),(7,1051,2,'00:01:00.69'),(8,1445,2,'00:01:00.89'),(9,1239,2,'00:01:00.91'),(10,1294,2,'00:01:00.97'),(11,1131,2,'00:01:00.99'),(12,1100,2,'00:01:01.09'),(13,1262,2,'00:01:01.19'),(14,1388,2,'00:01:01.26'),(15,1145,2,'00:01:01.45'),(16,1227,2,'00:01:01.45'),(17,1253,2,'00:01:01.55'),(18,1148,2,'00:01:01.61'),(19,1437,2,'00:01:01.67'),(20,1190,2,'00:01:01.76'),(21,1346,2,'00:01:01.85'),(22,1057,2,'00:01:01.95'),(23,1085,2,'00:01:01.96'),(24,1118,2,'00:01:01.98'),(25,968,2,'00:01:01.99'),(26,1490,2,'00:01:02.06'),(27,1046,2,'00:01:02.13'),(28,1352,2,'00:01:02.23'),(29,862,2,'00:01:02.39'),(30,1075,2,'00:01:02.45'),(31,1103,2,'00:01:02.45'),(32,1135,2,'00:01:02.47'),(33,1510,2,'00:01:02.53'),(34,1132,2,'00:01:02.55'),(35,1505,2,'00:01:02.57'),(36,1402,2,'00:01:02.64'),(37,1272,2,'00:01:02.65'),(38,984,2,'00:01:02.68'),(39,1196,2,'00:01:02.75'),(40,847,2,'00:01:02.78'),(41,1153,2,'00:01:02.88'),(42,877,2,'00:01:02.89'),(43,1311,2,'00:01:03.01'),(44,1548,2,'00:01:03.17'),(45,1322,2,'00:01:03.24'),(46,1064,2,'00:01:03.43'),(47,1265,2,'00:01:03.43'),(48,1327,2,'00:01:03.66'),(49,1124,2,'00:01:03.74'),(50,1065,2,'00:01:03.86'),(51,1313,2,'00:01:03.97'),(52,1581,2,'00:01:04.03'),(53,860,2,'00:01:04.05'),(54,1158,2,'00:01:04.08'),(55,903,2,'00:01:04.26'),(56,1561,2,'00:01:04.34'),(57,1391,2,'00:01:04.38'),(58,1538,2,'00:01:04.48'),(59,1310,2,'00:01:04.50'),(60,1314,2,'00:01:04.81'),(61,1584,2,'00:01:05.02'),(62,1062,2,'00:01:05.15'),(63,1285,2,'00:01:05.19'),(64,1254,2,'00:01:05.22'),(65,897,2,'00:01:05.31'),(66,988,2,'00:01:05.44'),(67,1559,2,'00:01:05.49'),(68,823,2,'00:01:05.71'),(69,1386,2,'00:01:05.93'),(70,1082,2,'00:01:05.94'),(71,1389,2,'00:01:05.97'),(72,924,2,'00:01:06.00'),(73,973,2,'00:01:06.18'),(74,923,2,'00:01:06.31'),(75,1520,2,'00:01:06.60'),(76,1349,2,'00:01:06.62'),(77,1309,2,'00:01:06.67'),(78,858,2,'00:01:06.85'),(79,1366,2,'00:01:06.97'),(80,1169,2,'00:01:07.20'),(81,1063,2,'00:01:07.23'),(82,1369,2,'00:01:07.58'),(83,1496,2,'00:01:07.59'),(84,980,2,'00:01:07.69'),(85,1226,2,'00:01:07.72'),(86,1479,2,'00:01:07.81'),(87,893,2,'00:01:07.83'),(88,1187,2,'00:01:07.88'),(89,1350,2,'00:01:07.90'),(90,1106,2,'00:01:07.92'),(91,819,2,'00:01:07.93'),(92,963,2,'00:01:08.13'),(93,1356,2,'00:01:08.13'),(94,1347,2,'00:01:08.14'),(95,1535,2,'00:01:08.33'),(96,1029,2,'00:01:08.38'),(97,1271,2,'00:01:08.42'),(98,832,2,'00:01:08.64'),(99,1443,2,'00:01:08.83'),(100,1409,2,'00:01:09.08'),(101,1495,2,'00:01:09.08'),(102,1500,2,'00:01:09.15'),(103,1371,2,'00:01:09.19'),(104,884,2,'00:01:09.22'),(105,1360,2,'00:01:09.24'),(106,1249,2,'00:01:09.30'),(107,831,2,'00:01:09.34'),(108,1278,2,'00:01:09.42'),(109,1200,2,'00:01:09.60'),(110,1319,2,'00:01:09.66'),(111,1121,2,'00:01:09.74'),(112,905,2,'00:01:09.84'),(113,1332,2,'00:01:09.87'),(114,987,2,'00:01:09.97'),(115,989,2,'00:01:10.07'),(116,931,2,'00:01:10.17'),(117,1390,2,'00:01:10.17'),(118,1149,2,'00:01:10.19'),(119,1066,2,'00:01:10.36'),(120,1115,2,'00:01:10.39'),(121,1269,2,'00:01:10.63'),(122,1208,2,'00:01:10.76'),(123,1558,2,'00:01:10.83'),(124,1554,2,'00:01:10.85'),(125,1266,2,'00:01:10.91'),(126,1098,2,'00:01:11.11'),(127,853,2,'00:01:11.27'),(128,1222,2,'00:01:11.38'),(129,1504,2,'00:01:11.47'),(130,935,2,'00:01:11.67'),(131,883,2,'00:01:11.78'),(132,971,2,'00:01:11.80'),(133,1527,2,'00:01:11.80'),(134,1241,2,'00:01:11.85'),(135,816,2,'00:01:11.91'),(136,1525,2,'00:01:11.99'),(137,1279,2,'00:01:12.17'),(138,1348,2,'00:01:12.29'),(139,1300,2,'00:01:12.41'),(140,1473,2,'00:01:12.43'),(141,1318,2,'00:01:12.46'),(142,1342,2,'00:01:12.63'),(143,1275,2,'00:01:12.74'),(144,1194,2,'00:01:12.75'),(145,1040,2,'00:01:12.83'),(146,1498,2,'00:01:13.06'),(147,868,2,'00:01:13.17'),(148,1526,2,'00:01:13.35'),(149,1537,2,'00:01:13.36'),(150,1181,2,'00:01:13.51'),(151,1392,2,'00:01:13.64'),(152,1522,2,'00:01:13.67'),(153,1138,2,'00:01:13.71'),(154,852,2,'00:01:13.79'),(155,1077,2,'00:01:14.37'),(156,1195,2,'00:01:14.39'),(157,947,2,'00:01:14.43'),(158,1320,2,'00:01:14.74'),(159,1291,2,'00:01:15.48'),(160,1345,2,'00:01:15.88'),(161,818,2,'00:01:16.04'),(162,1544,2,'00:01:16.88'),(163,1041,2,'00:01:16.89'),(164,1133,2,'00:01:17.01'),(165,904,2,'00:01:17.03'),(166,840,2,'00:01:17.10'),(167,919,2,'00:01:17.38'),(168,1028,2,'00:01:17.45'),(169,1049,2,'00:01:17.64'),(170,1564,2,'00:01:17.70'),(171,881,2,'00:01:17.76'),(172,1172,2,'00:01:17.92'),(173,812,2,'00:01:17.99'),(174,1417,2,'00:01:18.26'),(175,1089,2,'00:01:18.54'),(176,1031,2,'00:01:18.65'),(177,1252,2,'00:01:19.25'),(178,1088,2,'00:01:19.28'),(179,1470,2,'00:01:19.44'),(180,1297,2,'00:01:19.78'),(181,1411,2,'00:01:20.02'),(182,913,2,'00:01:20.26'),(183,844,2,'00:01:21.20'),(184,1531,2,'00:01:21.29'),(185,872,2,'00:01:21.35'),(186,1123,2,'00:01:21.63'),(187,970,2,'00:01:21.82'),(188,1576,2,'00:01:21.97'),(189,1080,2,'00:01:22.22'),(190,1099,2,'00:01:22.25'),(191,1167,2,'00:01:22.55'),(192,826,2,'00:01:22.73'),(193,1140,2,'00:01:24.30'),(194,1002,2,'00:01:24.32'),(195,898,2,'00:01:25.42'),(196,1515,2,'00:01:25.69'),(197,1237,2,'00:01:26.87'),(198,888,2,'00:01:27.66'),(199,1109,2,'00:01:29.24'),(200,1127,2,'00:01:30.23'),(201,1274,2,'00:01:30.76'),(202,1276,2,'00:01:32.41'),(203,910,2,'00:01:36.16'),(204,948,2,'00:01:36.73'),(205,1209,2,'00:01:40.63'),(206,1139,2,'00:01:50.19'),(207,1210,2,'00:01:51.15'),(208,1442,2,'00:01:54.50'),(209,969,2,'00:00:51.37'),(210,1414,2,'00:00:51.78'),(211,1503,2,'00:00:51.80'),(212,1546,2,'00:00:52.42'),(213,1571,2,'00:00:52.74'),(214,1164,2,'00:00:52.86'),(215,1393,2,'00:00:53.10'),(216,1108,2,'00:00:53.12'),(217,1136,2,'00:00:53.61'),(218,1572,2,'00:00:53.63'),(219,1152,2,'00:00:53.66'),(220,1523,2,'00:00:53.81'),(221,1333,2,'00:00:53.84'),(222,891,2,'00:00:54.01'),(223,896,2,'00:00:54.01'),(224,1552,2,'00:00:54.20'),(225,1506,2,'00:00:54.53'),(226,1430,2,'00:00:54.60'),(227,1511,2,'00:00:54.61'),(228,1432,2,'00:00:54.62'),(229,1563,2,'00:00:54.89'),(230,1509,2,'00:00:54.96'),(231,1484,2,'00:00:55.29'),(232,1114,2,'00:00:55.30'),(233,1483,2,'00:00:55.35'),(234,945,2,'00:00:55.36'),(235,867,2,'00:00:55.40'),(236,1456,2,'00:00:55.56'),(237,1367,2,'00:00:55.67'),(238,1574,2,'00:00:55.67'),(239,1220,2,'00:00:55.80'),(240,1451,2,'00:00:55.85'),(241,1560,2,'00:00:55.89'),(242,1277,2,'00:00:56.03'),(243,1358,2,'00:00:56.05'),(244,1427,2,'00:00:56.06'),(245,1344,2,'00:00:56.11'),(246,1221,2,'00:00:56.15'),(247,895,2,'00:00:56.20'),(248,1263,2,'00:00:56.31'),(249,1036,2,'00:00:56.32'),(250,926,2,'00:00:56.45'),(251,1351,2,'00:00:56.69'),(252,828,2,'00:00:56.81'),(253,1528,2,'00:00:56.85'),(254,1401,2,'00:00:56.86'),(255,887,2,'00:00:56.88'),(256,1184,2,'00:00:56.92'),(257,1182,2,'00:00:57.01'),(258,1565,2,'00:00:57.01'),(259,1516,2,'00:00:57.03'),(260,995,2,'00:00:57.04'),(261,1141,2,'00:00:57.08'),(262,964,2,'00:00:57.14'),(263,1428,2,'00:00:57.37'),(264,976,2,'00:00:57.42'),(265,1284,2,'00:00:57.49'),(266,1022,2,'00:00:57.69'),(267,1258,2,'00:00:57.74'),(268,1579,2,'00:00:57.84'),(269,954,2,'00:00:57.88'),(270,1335,2,'00:00:57.92'),(271,1507,2,'00:00:57.96'),(272,998,2,'00:00:57.98'),(273,1295,2,'00:00:58.01'),(274,1303,2,'00:00:58.01'),(275,1338,2,'00:00:58.10'),(276,830,2,'00:00:58.41'),(277,1429,2,'00:00:58.57'),(278,1097,2,'00:00:58.64'),(279,1283,2,'00:00:58.64'),(280,1165,2,'00:00:58.67'),(281,1395,2,'00:00:58.67'),(282,1264,2,'00:00:58.79'),(283,1334,2,'00:00:58.88'),(284,1154,2,'00:00:58.98'),(285,1155,2,'00:00:59.16'),(286,1323,2,'00:00:59.32'),(287,1056,2,'00:00:59.42'),(288,1076,2,'00:00:59.43'),(289,1453,2,'00:00:59.44'),(290,856,2,'00:00:59.46'),(291,908,2,'00:00:59.57'),(292,1478,2,'00:00:59.72'),(293,962,2,'00:00:59.86'),(294,937,2,'00:00:59.91'),(295,1533,2,'00:00:59.91');
/*!40000 ALTER TABLE `besttijden` ENABLE KEYS */;
UNLOCK TABLES;

--
-- Table structure for table `deelnames`
--

DROP TABLE IF EXISTS `deelnames`;
/*!40101 SET @saved_cs_client     = @@character_set_client */;
/*!50503 SET character_set_client = utf8mb4 */;
CREATE TABLE `deelnames` (
  `id` int NOT NULL AUTO_INCREMENT,
  `zwemmer_id` int NOT NULL,
  `serie_id` int NOT NULL,
  `baan` int NOT NULL,
  `resultaat` time(2) DEFAULT NULL,
  `uitsluitingscode` varchar(45) COLLATE utf8mb4_unicode_ci DEFAULT NULL,
  `forfait` tinyint NOT NULL,
  PRIMARY KEY (`id`),
  KEY `fk_zwemmers_has_series_series1_idx` (`serie_id`),
  KEY `fk_zwemmers_has_series_zwemmers1_idx` (`zwemmer_id`),
  CONSTRAINT `fk_zwemmers_has_series_series1` FOREIGN KEY (`serie_id`) REFERENCES `series` (`id`),
  CONSTRAINT `fk_zwemmers_has_series_zwemmers1` FOREIGN KEY (`zwemmer_id`) REFERENCES `zwemmers` (`persoon_id`)
) ENGINE=InnoDB AUTO_INCREMENT=312 DEFAULT CHARSET=utf8mb4 COLLATE=utf8mb4_unicode_ci;
/*!40101 SET character_set_client = @saved_cs_client */;

--
-- Dumping data for table `deelnames`
--

LOCK TABLES `deelnames` WRITE;
/*!40000 ALTER TABLE `deelnames` DISABLE KEYS */;
INSERT INTO `deelnames` VALUES (1,930,125,3,'00:01:34.26',NULL,0),(2,1408,125,4,'00:01:05.39',NULL,0),(3,982,125,5,'00:01:32.76',NULL,0),(4,929,126,1,'00:01:28.78',NULL,0),(5,866,126,2,'00:01:28.31',NULL,0),(6,1567,126,3,'00:01:16.77',NULL,0),(7,1424,126,4,'00:01:06.21',NULL,0),(8,1079,126,5,'00:01:24.35',NULL,0),(9,882,126,6,'00:01:21.82',NULL,0),(10,978,126,7,'00:01:14.81',NULL,0),(11,1585,126,8,NULL,NULL,1),(12,1006,127,0,'00:01:31.95',NULL,0),(13,1016,127,1,'00:01:22.45',NULL,0),(14,1442,127,2,'00:01:37.85',NULL,0),(15,1139,127,3,'00:01:36.66',NULL,0),(16,948,127,4,'00:01:34.97',NULL,0),(17,1209,127,5,'00:01:34.91',NULL,0),(18,1210,127,6,'00:01:37.42',NULL,0),(19,815,127,7,'00:01:22.33',NULL,0),(20,1130,127,8,'00:01:30.68',NULL,0),(21,838,127,9,'00:01:16.53',NULL,0),(22,1276,128,0,'00:01:33.85',NULL,0),(23,1127,128,1,'00:01:23.76',NULL,0),(24,888,128,2,'00:01:23.35',NULL,0),(25,1515,128,3,'00:01:20.88',NULL,0),(26,1002,128,4,'00:01:17.92',NULL,0),(27,898,128,5,'00:01:20.31',NULL,0),(28,1237,128,6,'00:01:22.97',NULL,0),(29,1109,128,7,'00:01:23.56',NULL,0),(30,1274,128,8,'00:01:21.06',NULL,0),(31,910,128,9,'00:01:25.41',NULL,0),(32,826,129,0,'00:01:17.12',NULL,0),(33,1099,129,1,'00:01:16.99',NULL,0),(34,1576,129,2,'00:01:17.47',NULL,0),(35,1123,129,3,'00:01:18.87',NULL,0),(36,1531,129,4,'00:01:21.75',NULL,0),(37,872,129,5,'00:01:27.53',NULL,0),(38,970,129,6,'00:01:17.85',NULL,0),(39,1080,129,7,'00:01:22.95',NULL,0),(40,1167,129,8,'00:01:19.44',NULL,0),(41,1140,129,9,'00:01:18.71',NULL,0),(42,913,130,0,'00:01:15.48',NULL,0),(43,1297,130,1,'00:01:24.16',NULL,0),(44,1088,130,2,'00:01:19.24',NULL,0),(45,1031,130,3,'00:01:18.58',NULL,0),(46,1417,130,4,'00:01:11.77',NULL,0),(47,1089,130,5,'00:01:19.72',NULL,0),(48,1252,130,6,'00:01:19.74',NULL,0),(49,1470,130,7,'00:01:16.24',NULL,0),(50,1411,130,8,'00:01:14.78',NULL,0),(51,844,130,9,'00:01:10.61',NULL,0),(52,1172,131,0,'00:01:20.40',NULL,0),(53,1564,131,1,'00:01:16.71',NULL,0),(54,1028,131,2,'00:01:10.68',NULL,0),(55,840,131,3,'00:01:14.84',NULL,0),(56,1133,131,4,'00:01:15.23',NULL,0),(57,904,131,5,'00:01:17.50',NULL,0),(58,919,131,6,'00:01:15.84',NULL,0),(59,1049,131,7,'00:01:15.91',NULL,0),(60,881,131,8,'00:01:21.36',NULL,0),(61,812,131,9,'00:01:16.83',NULL,0),(62,1544,132,0,'00:01:16.87',NULL,0),(63,1345,132,1,'00:01:17.29',NULL,0),(64,1320,132,2,'00:01:14.30',NULL,0),(65,1195,132,3,'00:01:09.81',NULL,0),(66,852,132,4,'00:01:08.66',NULL,0),(67,1077,132,5,'00:01:11.61',NULL,0),(68,947,132,6,'00:01:12.29',NULL,0),(69,1291,132,7,'00:01:17.37',NULL,0),(70,818,132,8,'00:01:12.94',NULL,0),(71,1041,132,9,'00:01:12.51',NULL,0),(72,1522,133,0,'00:01:14.49',NULL,0),(73,1181,133,1,'00:01:17.18',NULL,0),(74,1526,133,2,'00:01:12.32',NULL,0),(75,1498,133,3,'00:01:12.89',NULL,0),(76,1194,133,4,'00:01:13.62',NULL,0),(77,1040,133,5,'00:01:14.77',NULL,0),(78,868,133,6,'00:01:08.95',NULL,0),(79,1537,133,7,'00:01:11.39',NULL,0),(80,1392,133,8,'00:01:15.72',NULL,0),(81,1138,133,9,'00:01:14.08',NULL,0),(82,1342,134,0,'00:01:12.91',NULL,0),(83,1473,134,1,'00:01:10.02',NULL,0),(84,1348,134,2,'00:01:09.94',NULL,0),(85,1525,134,3,'00:01:12.73',NULL,0),(86,1241,134,4,'00:01:10.63',NULL,0),(87,816,134,5,'00:01:08.83',NULL,0),(88,1279,134,6,'00:01:13.80',NULL,0),(89,1300,134,7,'00:01:11.05',NULL,0),(90,1318,134,8,'00:01:11.06',NULL,0),(91,1275,134,9,NULL,NULL,1),(92,1527,135,0,'00:01:10.73',NULL,0),(93,935,135,1,NULL,NULL,1),(94,1222,135,2,'00:01:08.94',NULL,0),(95,1098,135,3,'00:01:10.06',NULL,0),(96,1554,135,4,'00:01:10.33',NULL,0),(97,1266,135,5,'00:01:11.46',NULL,0),(98,853,135,6,'00:01:07.91',NULL,0),(99,1504,135,7,'00:01:14.47',NULL,0),(100,883,135,8,NULL,NULL,1),(101,971,135,9,'00:01:16.89',NULL,0),(102,1208,136,0,'00:01:08.88',NULL,0),(103,1115,136,1,'00:01:09.21',NULL,0),(104,1149,136,2,'00:01:07.94',NULL,0),(105,931,136,3,'00:01:12.32',NULL,0),(106,987,136,4,'00:01:12.58',NULL,0),(107,989,136,5,'00:01:10.45',NULL,0),(108,1390,136,6,'00:01:10.39',NULL,0),(109,1066,136,7,'00:01:09.57',NULL,0),(110,1269,136,8,'00:01:10.30',NULL,0),(111,1558,136,9,'00:01:12.21',NULL,0),(112,905,137,0,'00:01:12.02',NULL,0),(113,1319,137,1,'00:01:08.62',NULL,0),(114,1278,137,2,'00:01:07.60',NULL,0),(115,1249,137,3,'00:01:10.19',NULL,0),(116,884,137,4,'00:01:05.22',NULL,0),(117,1360,137,5,'00:01:06.42',NULL,0),(118,831,137,6,'00:01:08.30',NULL,0),(119,1200,137,7,'00:01:09.10',NULL,0),(120,1121,137,8,'00:01:10.54',NULL,0),(121,1332,137,9,'00:01:10.60',NULL,0),(122,1500,138,0,'00:01:10.69',NULL,0),(123,1409,138,1,'00:01:08.09',NULL,0),(124,832,138,2,'00:01:09.55',NULL,0),(125,1029,138,3,'00:01:05.98',NULL,0),(126,1347,138,4,'00:01:10.58',NULL,0),(127,1535,138,5,'00:01:09.09',NULL,0),(128,1271,138,6,'00:01:07.37',NULL,0),(129,1443,138,7,'00:01:09.73',NULL,0),(130,1495,138,8,'00:01:06.94',NULL,0),(131,1371,138,9,'00:01:07.91',NULL,0),(132,963,139,0,'00:01:11.10',NULL,0),(133,1106,139,1,'00:01:09.91',NULL,0),(134,1187,139,2,'00:01:06.23',NULL,0),(135,1479,139,3,'00:01:05.99',NULL,0),(136,980,139,4,'00:01:08.34',NULL,0),(137,1226,139,5,'00:01:07.51',NULL,0),(138,893,139,6,'00:01:07.72',NULL,0),(139,1350,139,7,'00:01:10.34',NULL,0),(140,819,139,8,'00:01:05.90',NULL,0),(141,1356,139,9,NULL,NULL,1),(142,1369,140,0,'00:01:05.24',NULL,0),(143,1169,140,1,'00:01:05.42',NULL,0),(144,858,140,2,NULL,NULL,1),(145,1349,140,3,'00:01:08.35',NULL,0),(146,923,140,4,'00:01:06.96',NULL,0),(147,1520,140,5,'00:01:06.76',NULL,0),(148,1309,140,6,'00:01:05.86',NULL,0),(149,1366,140,7,'00:01:04.61',NULL,0),(150,1063,140,8,'00:01:05.12',NULL,0),(151,1496,140,9,'00:01:06.86',NULL,0),(152,924,141,0,'00:01:02.94',NULL,0),(153,1082,141,1,'00:01:04.94',NULL,0),(154,823,141,2,'00:01:06.88',NULL,0),(155,988,141,3,'00:01:08.03',NULL,0),(156,1254,141,4,'00:01:04.50',NULL,0),(157,897,141,5,'00:01:05.79',NULL,0),(158,1559,141,6,'00:01:06.08',NULL,0),(159,1386,141,7,NULL,NULL,1),(160,1389,141,8,'00:01:05.31',NULL,0),(161,973,141,9,'00:01:07.14',NULL,0),(162,1062,142,0,'00:01:05.86',NULL,0),(163,1314,142,1,'00:01:06.35',NULL,0),(164,1538,142,2,'00:01:04.35',NULL,0),(165,1561,142,3,'00:01:05.30',NULL,0),(166,1158,142,4,'00:01:02.78',NULL,0),(167,903,142,5,'00:01:02.72',NULL,0),(168,1391,142,6,'00:01:04.72',NULL,0),(169,1310,142,7,'00:01:03.28',NULL,0),(170,1584,142,8,'00:01:05.26',NULL,0),(171,1285,142,9,'00:01:03.94',NULL,0),(172,1581,143,0,'00:01:04.77',NULL,0),(173,1065,143,1,'00:01:04.47',NULL,0),(174,1327,143,2,'00:01:04.22',NULL,0),(175,1064,143,3,'00:01:04.03',NULL,0),(176,1548,143,4,'00:01:03.96',NULL,0),(177,1322,143,5,'00:01:01.23',NULL,0),(178,1265,143,6,'00:01:03.08',NULL,0),(179,1124,143,7,'00:01:00.53',NULL,0),(180,1313,143,8,'00:01:05.13',NULL,0),(181,860,143,9,'00:01:03.42',NULL,0),(182,877,144,0,'00:01:02.90',NULL,0),(183,847,144,1,'00:01:03.13',NULL,0),(184,984,144,2,'00:01:02.43',NULL,0),(185,1402,144,3,'00:01:03.31',NULL,0),(186,1132,144,4,'00:01:03.14',NULL,0),(187,1505,144,5,'00:01:01.24',NULL,0),(188,1272,144,6,'00:01:02.13',NULL,0),(189,1196,144,7,'00:01:03.35',NULL,0),(190,1153,144,8,'00:01:04.33',NULL,0),(191,1311,144,9,NULL,NULL,1),(192,1135,145,0,'00:01:03.73',NULL,0),(193,1075,145,1,'00:01:02.44',NULL,0),(194,1352,145,2,'00:01:02.30',NULL,0),(195,1490,145,3,'00:01:02.82',NULL,0),(196,1118,145,4,'00:01:03.80',NULL,0),(197,968,145,5,'00:01:02.61',NULL,0),(198,1046,145,6,'00:01:00.67',NULL,0),(199,862,145,7,'00:01:00.93',NULL,0),(200,1103,145,8,'00:01:00.90',NULL,0),(201,1510,145,9,'00:01:01.08',NULL,0),(202,1057,146,0,'00:00:59.65',NULL,0),(203,1190,146,1,'00:01:04.19',NULL,0),(204,1148,146,2,'00:01:00.85',NULL,0),(205,1145,146,3,'00:01:02.22',NULL,0),(206,1388,146,4,'00:01:01.94',NULL,0),(207,1227,146,5,'00:01:02.35',NULL,0),(208,1253,146,6,'00:01:00.86',NULL,0),(209,1437,146,7,NULL,NULL,1),(210,1346,146,8,'00:00:57.96',NULL,0),(211,1085,146,9,'00:01:02.64',NULL,0),(212,1100,147,0,'00:01:01.16',NULL,0),(213,1294,147,1,'00:01:00.18',NULL,0),(214,1445,147,2,'00:01:00.60',NULL,0),(215,1044,147,3,'00:00:59.76',NULL,0),(216,1485,147,4,'00:00:59.30',NULL,0),(217,915,147,5,'00:01:00.76',NULL,0),(218,1051,147,6,'00:01:00.81',NULL,0),(219,1239,147,7,'00:01:01.36',NULL,0),(220,1131,147,8,'00:01:01.62',NULL,0),(221,1262,147,9,'00:01:00.84',NULL,0),(222,1203,148,0,'00:01:00.55',NULL,0),(223,937,148,1,'00:01:00.28',NULL,0),(224,962,148,2,'00:01:02.08',NULL,0),(225,908,148,3,'00:01:00.44',NULL,0),(226,1453,148,4,'00:00:58.88',NULL,0),(227,856,148,5,NULL,NULL,1),(228,1478,148,6,'00:01:01.15',NULL,0),(229,1533,148,7,'00:00:59.66',NULL,0),(230,999,148,8,'00:01:00.69',NULL,0),(231,1435,148,9,'00:01:00.59',NULL,0),(232,1056,149,0,'00:00:59.57',NULL,0),(233,1155,149,1,'00:00:59.13',NULL,0),(234,1334,149,2,'00:00:59.58',NULL,0),(235,1165,149,3,'00:00:58.64',NULL,0),(236,1097,149,4,'00:00:58.59',NULL,0),(237,1395,149,5,'00:00:59.25',NULL,0),(238,1264,149,6,'00:00:57.11',NULL,0),(239,1154,149,7,'00:00:59.96',NULL,0),(240,1323,149,8,'00:00:59.37',NULL,0),(241,1076,149,9,'00:00:59.56',NULL,0),(242,1429,150,0,'00:00:59.94',NULL,0),(243,1338,150,1,'00:00:57.47',NULL,0),(244,1295,150,2,'00:00:59.33',NULL,0),(245,1507,150,3,'00:00:57.61',NULL,0),(246,954,150,4,NULL,NULL,1),(247,1335,150,5,'00:01:00.71',NULL,0),(248,998,150,6,'00:00:57.24',NULL,0),(249,1303,150,7,'00:00:58.13',NULL,0),(250,830,150,8,'00:00:58.37',NULL,0),(251,1283,150,9,'00:00:59.21',NULL,0),(252,1258,151,0,'00:00:58.60',NULL,0),(253,1284,151,1,'00:00:59.73',NULL,0),(254,1428,151,2,'00:00:58.22',NULL,0),(255,1141,151,3,'00:00:57.67',NULL,0),(256,1516,151,4,'00:00:56.12',NULL,0),(257,995,151,5,'00:00:58.28',NULL,0),(258,964,151,6,'00:00:59.18',NULL,0),(259,976,151,7,'00:00:57.49',NULL,0),(260,1022,151,8,'00:00:57.82',NULL,0),(261,1579,151,9,'00:00:58.10',NULL,0),(262,1565,152,0,'00:00:57.88',NULL,0),(263,887,152,1,'00:00:57.68',NULL,0),(264,1528,152,2,'00:00:57.77',NULL,0),(265,1351,152,3,'00:00:58.18',NULL,0),(266,1036,152,4,'00:00:55.04',NULL,0),(267,926,152,5,'00:00:57.38',NULL,0),(268,828,152,6,'00:00:57.97',NULL,0),(269,1401,152,7,'00:00:57.84',NULL,0),(270,1184,152,8,'00:00:57.47',NULL,0),(271,1182,152,9,'00:00:56.95',NULL,0),(272,895,153,0,'00:00:58.66',NULL,0),(273,1344,153,1,'00:00:56.08',NULL,0),(274,1358,153,2,'00:00:56.22',NULL,0),(275,1560,153,3,'00:00:56.71',NULL,0),(276,1220,153,4,'00:00:56.73',NULL,0),(277,1451,153,5,NULL,NULL,1),(278,1277,153,6,'00:00:56.52',NULL,0),(279,1427,153,7,NULL,'SW 4.4',0),(280,1221,153,8,'00:00:55.89',NULL,0),(281,1263,153,9,'00:00:57.75',NULL,0),(282,867,154,0,'00:00:56.47',NULL,0),(283,1563,154,1,'00:00:54.85',NULL,0),(284,896,154,2,NULL,NULL,1),(285,1136,154,3,'00:00:54.14',NULL,0),(286,1503,154,4,'00:00:52.75',NULL,0),(287,1164,154,5,'00:00:54.78',NULL,0),(288,1523,154,6,'00:00:54.73',NULL,0),(289,1430,154,7,'00:00:55.35',NULL,0),(290,1114,154,8,'00:00:55.47',NULL,0),(291,1367,154,9,'00:00:56.17',NULL,0),(292,945,155,0,NULL,NULL,1),(293,1432,155,1,'00:00:55.90',NULL,0),(294,891,155,2,'00:00:56.25',NULL,0),(295,1108,155,3,'00:00:53.43',NULL,0),(296,1414,155,4,'00:00:52.80',NULL,0),(297,1571,155,5,'00:00:53.86',NULL,0),(298,1152,155,6,'00:00:54.52',NULL,0),(299,1506,155,7,'00:00:55.14',NULL,0),(300,1484,155,8,'00:00:56.03',NULL,0),(301,1574,155,9,'00:00:59.52',NULL,0),(302,1483,156,0,'00:00:56.13',NULL,0),(303,1511,156,1,'00:00:54.18',NULL,0),(304,1333,156,2,'00:00:54.14',NULL,0),(305,1393,156,3,NULL,NULL,1),(306,969,156,4,'00:00:54.62',NULL,0),(307,1546,156,5,'00:00:53.31',NULL,0),(308,1572,156,6,NULL,NULL,1),(309,1552,156,7,'00:00:55.32',NULL,0),(310,1509,156,8,'00:00:55.20',NULL,0),(311,1456,156,9,'00:00:55.97',NULL,0);
/*!40000 ALTER TABLE `deelnames` ENABLE KEYS */;
UNLOCK TABLES;

--
-- Table structure for table `jury`
--

DROP TABLE IF EXISTS `jury`;
/*!40101 SET @saved_cs_client     = @@character_set_client */;
/*!50503 SET character_set_client = utf8mb4 */;
CREATE TABLE `jury` (
  `id` int NOT NULL AUTO_INCREMENT,
  `wedstrijd_id` int NOT NULL,
  `official_id` int NOT NULL,
  `functie` enum('KAMPRECHTER','JURYSECRETARIS','STARTER','TIJDOPNEMER','AANKOMSTRECHTER','KEERPUNTRECHTER','ZWEMRECHTER','PEER','OPROEPKAMER') COLLATE utf8mb4_unicode_ci NOT NULL,
  PRIMARY KEY (`id`),
  KEY `fk_wedstrijden_has_officials_officials1_idx` (`official_id`),
  KEY `fk_wedstrijden_has_officials_wedstrijden1_idx` (`wedstrijd_id`),
  CONSTRAINT `fk_wedstrijden_has_officials_officials1` FOREIGN KEY (`official_id`) REFERENCES `officials` (`persoon_id`),
  CONSTRAINT `fk_wedstrijden_has_officials_wedstrijden1` FOREIGN KEY (`wedstrijd_id`) REFERENCES `wedstrijden` (`id`)
) ENGINE=InnoDB AUTO_INCREMENT=288 DEFAULT CHARSET=utf8mb4 COLLATE=utf8mb4_unicode_ci;
/*!40101 SET character_set_client = @saved_cs_client */;

--
-- Dumping data for table `jury`
--

LOCK TABLES `jury` WRITE;
/*!40000 ALTER TABLE `jury` DISABLE KEYS */;
INSERT INTO `jury` VALUES (1,1,304,'AANKOMSTRECHTER'),(2,1,517,'AANKOMSTRECHTER'),(3,1,806,'AANKOMSTRECHTER'),(4,1,469,'TIJDOPNEMER'),(5,1,750,'JURYSECRETARIS'),(6,1,112,'KAMPRECHTER'),(7,1,42,'KEERPUNTRECHTER'),(8,1,164,'KEERPUNTRECHTER'),(9,1,622,'KEERPUNTRECHTER'),(10,1,664,'KEERPUNTRECHTER'),(11,1,262,'KEERPUNTRECHTER'),(12,1,759,'KEERPUNTRECHTER'),(13,1,98,'KEERPUNTRECHTER'),(14,1,514,'KEERPUNTRECHTER'),(15,1,789,'KEERPUNTRECHTER'),(16,1,338,'KEERPUNTRECHTER'),(17,1,130,'OPROEPKAMER'),(18,1,261,'OPROEPKAMER'),(19,1,629,'OPROEPKAMER'),(20,1,670,'PEER'),(21,1,101,'PEER'),(22,1,386,'PEER'),(23,1,763,'PEER'),(24,1,708,'PEER'),(25,1,584,'PEER'),(26,1,592,'PEER'),(27,1,125,'PEER'),(28,1,697,'PEER'),(29,1,292,'PEER'),(30,1,470,'TIJDOPNEMER'),(31,1,496,'TIJDOPNEMER'),(32,1,351,'STARTER'),(33,1,807,'TIJDOPNEMER'),(34,1,544,'TIJDOPNEMER'),(35,1,86,'TIJDOPNEMER'),(36,1,36,'TIJDOPNEMER'),(37,1,497,'TIJDOPNEMER'),(38,1,467,'TIJDOPNEMER'),(39,1,477,'TIJDOPNEMER'),(40,1,64,'TIJDOPNEMER'),(41,1,12,'TIJDOPNEMER'),(42,1,129,'TIJDOPNEMER'),(43,1,163,'ZWEMRECHTER'),(44,1,241,'ZWEMRECHTER'),(45,1,425,'ZWEMRECHTER'),(46,1,605,'ZWEMRECHTER'),(47,2,64,'KEERPUNTRECHTER'),(48,2,63,'TIJDOPNEMER'),(49,2,72,'TIJDOPNEMER'),(50,2,82,'PEER'),(51,2,112,'KAMPRECHTER'),(52,2,129,'KEERPUNTRECHTER'),(53,2,130,'OPROEPKAMER'),(54,2,141,'TIJDOPNEMER'),(55,2,163,'KEERPUNTRECHTER'),(56,2,177,'PEER'),(57,2,189,'ZWEMRECHTER'),(58,2,197,'KEERPUNTRECHTER'),(59,2,202,'PEER'),(60,2,207,'TIJDOPNEMER'),(61,2,222,'KEERPUNTRECHTER'),(62,2,223,'STARTER'),(63,2,241,'ZWEMRECHTER'),(64,2,246,'TIJDOPNEMER'),(65,2,262,'TIJDOPNEMER'),(66,2,300,'PEER'),(67,2,292,'TIJDOPNEMER'),(68,2,316,'TIJDOPNEMER'),(69,2,335,'PEER'),(70,2,351,'JURYSECRETARIS'),(71,2,386,'AANKOMSTRECHTER'),(72,2,397,'PEER'),(73,2,398,'PEER'),(74,2,418,'TIJDOPNEMER'),(75,2,421,'KEERPUNTRECHTER'),(76,2,437,'PEER'),(77,2,446,'OPROEPKAMER'),(78,2,454,'PEER'),(79,2,507,'TIJDOPNEMER'),(80,2,521,'KEERPUNTRECHTER'),(81,2,547,'OPROEPKAMER'),(82,2,592,'AANKOMSTRECHTER'),(83,2,597,'TIJDOPNEMER'),(84,2,670,'KEERPUNTRECHTER'),(85,2,677,'TIJDOPNEMER'),(86,2,678,'TIJDOPNEMER'),(87,2,698,'PEER'),(88,2,697,'AANKOMSTRECHTER'),(89,2,739,'ZWEMRECHTER'),(90,2,773,'KEERPUNTRECHTER'),(91,2,777,'KEERPUNTRECHTER'),(92,2,778,'KEERPUNTRECHTER'),(93,2,807,'ZWEMRECHTER'),(94,3,98,'PEER'),(95,3,104,'TIJDOPNEMER'),(96,3,112,'KAMPRECHTER'),(97,3,127,'PEER'),(98,3,130,'OPROEPKAMER'),(99,3,179,'TIJDOPNEMER'),(100,3,189,'AANKOMSTRECHTER'),(101,3,223,'STARTER'),(102,3,241,'KEERPUNTRECHTER'),(103,3,245,'PEER'),(104,3,280,'TIJDOPNEMER'),(105,3,292,'TIJDOPNEMER'),(106,3,301,'TIJDOPNEMER'),(107,3,316,'PEER'),(108,3,351,'JURYSECRETARIS'),(109,3,405,'TIJDOPNEMER'),(110,3,421,'PEER'),(111,3,450,'AANKOMSTRECHTER'),(112,3,466,'AANKOMSTRECHTER'),(113,3,477,'PEER'),(114,3,497,'PEER'),(115,3,520,'TIJDOPNEMER'),(116,3,530,'OPROEPKAMER'),(117,3,549,'TIJDOPNEMER'),(118,3,558,'TIJDOPNEMER'),(119,3,567,'TIJDOPNEMER'),(120,3,575,'TIJDOPNEMER'),(121,3,577,'TIJDOPNEMER'),(122,3,596,'KEERPUNTRECHTER'),(123,3,620,'PEER'),(124,3,634,'TIJDOPNEMER'),(125,3,666,'PEER'),(126,3,667,'OPROEPKAMER'),(127,3,669,'KEERPUNTRECHTER'),(128,3,708,'KEERPUNTRECHTER'),(129,3,744,'PEER'),(130,3,743,'ZWEMRECHTER'),(131,3,754,'ZWEMRECHTER'),(132,3,808,'KEERPUNTRECHTER'),(133,3,807,'KEERPUNTRECHTER'),(134,4,98,'PEER'),(135,4,101,'TIJDOPNEMER'),(136,4,112,'KAMPRECHTER'),(137,4,127,'PEER'),(138,4,130,'OPROEPKAMER'),(139,4,179,'TIJDOPNEMER'),(140,4,189,'AANKOMSTRECHTER'),(141,4,223,'STARTER'),(142,4,241,'ZWEMRECHTER'),(143,4,245,'AANKOMSTRECHTER'),(144,4,280,'TIJDOPNEMER'),(145,4,292,'TIJDOPNEMER'),(146,4,301,'TIJDOPNEMER'),(147,4,316,'PEER'),(148,4,351,'JURYSECRETARIS'),(149,4,405,'TIJDOPNEMER'),(150,4,421,'TIJDOPNEMER'),(151,4,466,'KEERPUNTRECHTER'),(152,4,477,'PEER'),(153,4,497,'PEER'),(154,4,520,'KEERPUNTRECHTER'),(155,4,525,'KEERPUNTRECHTER'),(156,4,549,'TIJDOPNEMER'),(157,4,558,'KEERPUNTRECHTER'),(158,4,562,'TIJDOPNEMER'),(159,4,575,'TIJDOPNEMER'),(160,4,577,'TIJDOPNEMER'),(161,4,597,'KEERPUNTRECHTER'),(162,4,612,'PEER'),(163,4,634,'KEERPUNTRECHTER'),(164,4,666,'PEER'),(165,4,669,'KEERPUNTRECHTER'),(166,4,670,'KEERPUNTRECHTER'),(167,4,739,'OPROEPKAMER'),(168,4,744,'PEER'),(169,4,754,'ZWEMRECHTER'),(170,4,807,'AANKOMSTRECHTER'),(171,4,808,'KEERPUNTRECHTER'),(172,5,12,'TIJDOPNEMER'),(173,5,62,'KEERPUNTRECHTER'),(174,5,63,'AANKOMSTRECHTER'),(175,5,72,'AANKOMSTRECHTER'),(176,5,86,'TIJDOPNEMER'),(177,5,98,'ZWEMRECHTER'),(178,5,101,'ZWEMRECHTER'),(179,5,112,'KAMPRECHTER'),(180,5,128,'KEERPUNTRECHTER'),(181,5,130,'OPROEPKAMER'),(182,5,164,'AANKOMSTRECHTER'),(183,5,185,'TIJDOPNEMER'),(184,5,190,'PEER'),(185,5,195,'PEER'),(186,5,207,'TIJDOPNEMER'),(187,5,208,'TIJDOPNEMER'),(188,5,213,'KEERPUNTRECHTER'),(189,5,222,'TIJDOPNEMER'),(190,5,246,'OPROEPKAMER'),(191,5,250,'JURYSECRETARIS'),(192,5,248,'PEER'),(193,5,338,'TIJDOPNEMER'),(194,5,351,'STARTER'),(195,5,389,'PEER'),(196,5,398,'OPROEPKAMER'),(197,5,397,'TIJDOPNEMER'),(198,5,401,'KEERPUNTRECHTER'),(199,5,454,'TIJDOPNEMER'),(200,5,458,'PEER'),(201,5,463,'PEER'),(202,5,465,'PEER'),(203,5,468,'KEERPUNTRECHTER'),(204,5,472,'TIJDOPNEMER'),(205,5,482,'KEERPUNTRECHTER'),(206,5,495,'KEERPUNTRECHTER'),(207,5,497,'ZWEMRECHTER'),(208,5,513,'PEER'),(209,5,530,'PEER'),(210,5,534,'KEERPUNTRECHTER'),(211,5,542,'KEERPUNTRECHTER'),(212,5,579,'KEERPUNTRECHTER'),(213,5,584,'ZWEMRECHTER'),(214,5,592,'TIJDOPNEMER'),(215,5,708,'TIJDOPNEMER'),(216,5,709,'KEERPUNTRECHTER'),(217,5,751,'TIJDOPNEMER'),(218,5,791,'PEER'),(219,6,86,'PEER'),(220,6,98,'KEERPUNTRECHTER'),(221,6,101,'KEERPUNTRECHTER'),(222,6,112,'KAMPRECHTER'),(223,6,128,'KEERPUNTRECHTER'),(224,6,130,'OPROEPKAMER'),(225,6,129,'PEER'),(226,6,169,'TIJDOPNEMER'),(227,6,189,'PEER'),(228,6,241,'TIJDOPNEMER'),(229,6,250,'JURYSECRETARIS'),(230,6,262,'PEER'),(231,6,292,'TIJDOPNEMER'),(232,6,351,'STARTER'),(233,6,383,'TIJDOPNEMER'),(234,6,391,'TIJDOPNEMER'),(235,6,422,'AANKOMSTRECHTER'),(236,6,450,'KEERPUNTRECHTER'),(237,6,446,'TIJDOPNEMER'),(238,6,458,'TIJDOPNEMER'),(239,6,468,'PEER'),(240,6,497,'ZWEMRECHTER'),(241,6,513,'TIJDOPNEMER'),(242,6,514,'TIJDOPNEMER'),(243,6,525,'TIJDOPNEMER'),(244,6,620,'AANKOMSTRECHTER'),(245,6,621,'PEER'),(246,6,666,'PEER'),(247,6,682,'KEERPUNTRECHTER'),(248,6,704,'PEER'),(249,6,744,'PEER'),(250,6,754,'ZWEMRECHTER'),(251,6,807,'KEERPUNTRECHTER'),(252,6,808,'PEER'),(253,7,86,'PEER'),(254,7,98,'KEERPUNTRECHTER'),(255,7,101,'AANKOMSTRECHTER'),(256,7,112,'KAMPRECHTER'),(257,7,125,'KEERPUNTRECHTER'),(258,7,128,'TIJDOPNEMER'),(259,7,129,'AANKOMSTRECHTER'),(260,7,130,'OPROEPKAMER'),(261,7,169,'TIJDOPNEMER'),(262,7,189,'PEER'),(263,7,241,'TIJDOPNEMER'),(264,7,250,'JURYSECRETARIS'),(265,7,262,'PEER'),(266,7,292,'TIJDOPNEMER'),(267,7,351,'STARTER'),(268,7,383,'TIJDOPNEMER'),(269,7,391,'TIJDOPNEMER'),(270,7,422,'KEERPUNTRECHTER'),(271,7,450,'KEERPUNTRECHTER'),(272,7,446,'TIJDOPNEMER'),(273,7,458,'KEERPUNTRECHTER'),(274,7,468,'PEER'),(275,7,497,'ZWEMRECHTER'),(276,7,513,'TIJDOPNEMER'),(277,7,514,'TIJDOPNEMER'),(278,7,525,'TIJDOPNEMER'),(279,7,620,'AANKOMSTRECHTER'),(280,7,619,'PEER'),(281,7,666,'PEER'),(282,7,682,'KEERPUNTRECHTER'),(283,7,704,'PEER'),(284,7,744,'PEER'),(285,7,754,'ZWEMRECHTER'),(286,7,807,'KEERPUNTRECHTER'),(287,7,808,'KEERPUNTRECHTER');
/*!40000 ALTER TABLE `jury` ENABLE KEYS */;
UNLOCK TABLES;

--
-- Table structure for table `officials`
--

DROP TABLE IF EXISTS `officials`;
/*!40101 SET @saved_cs_client     = @@character_set_client */;
/*!50503 SET character_set_client = utf8mb4 */;
CREATE TABLE `officials` (
  `persoon_id` int NOT NULL,
  `kamprechter` tinyint NOT NULL,
  `jurysecretaris` tinyint NOT NULL,
  `starter` tinyint NOT NULL,
  `tak` tinyint NOT NULL,
  PRIMARY KEY (`persoon_id`),
  CONSTRAINT `fk_officials_personen1` FOREIGN KEY (`persoon_id`) REFERENCES `personen` (`id`)
) ENGINE=InnoDB DEFAULT CHARSET=utf8mb4 COLLATE=utf8mb4_unicode_ci;
/*!40101 SET character_set_client = @saved_cs_client */;

--
-- Dumping data for table `officials`
--

LOCK TABLES `officials` WRITE;
/*!40000 ALTER TABLE `officials` DISABLE KEYS */;
INSERT INTO `officials` VALUES (1,1,1,0,1),(2,0,0,0,1),(3,0,0,0,1),(4,0,0,0,1),(5,0,1,0,1),(6,0,0,1,1),(7,0,0,0,1),(8,0,0,0,1),(9,0,0,0,1),(10,0,0,0,1),(11,0,0,0,1),(12,0,0,0,1),(13,1,1,1,1),(14,0,0,1,1),(15,0,0,0,1),(16,0,0,0,1),(17,0,0,1,1),(18,0,0,0,1),(19,0,0,0,1),(20,0,1,0,1),(21,1,1,0,1),(22,0,0,0,1),(23,0,0,1,1),(24,0,0,0,1),(25,0,1,0,1),(26,0,1,0,1),(27,1,1,1,1),(28,0,0,0,1),(29,0,0,0,1),(30,0,0,0,1),(31,0,0,0,1),(32,0,0,0,1),(33,0,1,0,1),(34,0,0,0,1),(35,0,0,0,1),(36,0,0,0,1),(37,0,0,0,1),(38,0,0,0,1),(39,0,0,0,1),(40,0,0,1,1),(41,0,0,0,1),(42,0,0,0,1),(43,0,0,0,1),(44,0,0,0,1),(45,0,0,0,1),(46,0,0,0,1),(47,0,0,0,1),(48,0,0,0,1),(49,0,0,1,1),(50,0,0,0,1),(51,1,1,0,1),(52,0,0,0,1),(53,0,0,0,1),(54,0,0,0,1),(55,0,0,0,1),(56,1,1,1,1),(57,0,0,0,1),(58,0,0,0,1),(59,0,0,0,1),(60,0,0,0,1),(61,0,0,0,1),(62,0,0,0,1),(63,0,0,0,1),(64,0,0,0,1),(65,0,0,0,1),(66,0,0,0,1),(67,0,0,0,1),(68,0,0,0,1),(69,0,0,0,1),(70,0,0,0,1),(71,0,0,0,1),(72,0,0,0,1),(73,0,0,0,1),(74,0,0,0,1),(75,0,0,0,1),(76,0,0,1,1),(77,1,0,1,1),(78,0,0,0,1),(79,0,1,0,1),(80,0,1,0,1),(81,0,0,0,1),(82,0,0,0,1),(83,0,0,0,1),(84,0,1,0,1),(85,0,0,0,1),(86,0,0,0,1),(87,0,0,0,1),(88,0,0,0,1),(89,0,0,0,1),(90,0,0,0,1),(91,0,0,0,1),(92,0,1,0,1),(93,0,0,0,1),(94,0,0,0,1),(95,0,0,0,1),(96,0,0,0,1),(97,0,0,0,1),(98,0,1,0,1),(99,1,1,1,1),(100,0,0,0,1),(101,0,0,0,1),(102,0,0,0,1),(103,0,0,0,1),(104,0,0,0,1),(105,0,0,0,1),(106,0,1,0,1),(107,0,0,0,1),(108,0,0,0,1),(109,0,0,0,1),(110,0,0,0,1),(111,0,0,0,1),(112,1,1,1,1),(113,1,1,0,1),(114,0,1,0,1),(115,0,0,0,1),(116,0,0,0,1),(117,0,0,0,1),(118,0,0,0,1),(119,0,0,0,1),(120,0,0,0,1),(121,0,0,0,1),(122,0,0,0,1),(123,0,0,0,1),(124,0,0,0,1),(125,0,0,0,1),(126,0,1,0,1),(127,0,0,1,1),(128,0,0,0,1),(129,0,1,1,1),(130,0,0,1,1),(131,0,0,0,1),(132,0,0,0,1),(133,0,0,0,1),(134,0,0,0,1),(135,0,0,1,1),(136,0,1,0,1),(137,0,0,0,1),(138,0,0,0,1),(139,0,0,0,1),(140,0,0,0,1),(141,0,0,0,1),(142,0,0,0,1),(143,0,0,0,1),(144,0,0,0,1),(145,0,0,0,1),(146,0,1,0,1),(147,0,0,0,1),(148,0,0,0,1),(149,0,0,0,1),(150,0,0,0,1),(151,0,0,0,1),(152,0,0,0,1),(153,0,0,0,1),(154,0,1,0,1),(155,0,0,0,1),(156,0,0,0,1),(157,0,0,0,1),(158,0,0,0,1),(159,0,0,0,1),(160,0,0,0,1),(161,0,0,0,1),(162,0,0,0,1),(163,0,0,0,1),(164,0,0,0,1),(165,0,0,0,1),(166,0,0,0,1),(167,0,0,0,1),(168,0,0,0,1),(169,0,0,0,1),(170,0,0,0,1),(171,0,0,0,1),(172,0,1,0,1),(173,0,0,0,1),(174,0,0,0,1),(175,0,0,0,1),(176,0,1,0,1),(177,0,0,0,1),(178,0,0,0,1),(179,0,0,1,1),(180,0,0,0,1),(181,0,0,0,1),(182,0,0,0,1),(183,0,0,0,1),(184,0,0,1,1),(185,0,0,0,1),(186,0,0,1,1),(187,0,0,1,1),(188,0,0,0,1),(189,0,0,0,1),(190,0,0,0,1),(191,1,1,0,1),(192,0,0,0,1),(193,0,0,0,1),(194,0,0,0,1),(195,0,0,0,1),(196,0,0,0,1),(197,0,0,0,1),(198,0,0,0,1),(199,0,0,0,1),(200,0,0,0,1),(201,0,0,0,1),(202,0,0,0,1),(203,0,0,0,1),(204,0,0,0,1),(205,0,0,0,1),(206,0,0,0,1),(207,0,0,0,1),(208,0,0,0,1),(209,0,0,0,1),(210,0,1,0,1),(211,0,0,0,1),(212,0,0,0,1),(213,0,0,0,1),(214,0,0,0,1),(215,0,0,1,1),(216,0,1,0,1),(217,0,0,0,1),(218,0,0,0,1),(219,0,0,0,1),(220,1,0,1,1),(221,1,1,1,1),(222,0,0,0,1),(223,1,1,1,1),(224,0,0,0,1),(225,0,0,0,1),(226,0,0,1,1),(227,0,1,0,1),(228,0,0,0,1),(229,0,0,0,1),(230,0,0,0,1),(231,1,1,1,1),(232,0,0,0,1),(233,0,0,0,1),(234,0,1,1,1),(235,0,0,0,1),(236,0,1,0,1),(237,0,0,0,1),(238,0,0,0,1),(239,0,0,0,1),(240,1,1,0,1),(241,0,1,0,1),(242,0,0,0,1),(243,0,0,0,1),(244,0,0,0,1),(245,0,0,0,1),(246,0,0,0,1),(247,0,0,0,1),(248,0,0,0,1),(249,0,1,0,1),(250,1,1,0,1),(251,0,0,0,1),(252,0,0,0,1),(253,0,0,1,1),(254,0,0,0,1),(255,0,0,0,1),(256,0,0,0,1),(257,0,0,0,1),(258,0,0,0,1),(259,0,0,0,1),(260,0,0,0,1),(261,0,0,0,1),(262,0,0,0,1),(263,0,0,0,1),(264,0,0,0,1),(265,0,0,0,1),(266,0,0,0,1),(267,0,1,0,1),(268,0,0,0,1),(269,0,1,0,1),(270,0,0,0,1),(271,0,0,0,1),(272,0,0,0,1),(273,0,1,1,1),(274,0,0,0,1),(275,0,0,0,1),(276,0,0,0,1),(277,0,0,0,1),(278,0,0,0,1),(279,0,0,0,1),(280,0,0,0,1),(281,0,0,0,1),(282,0,0,0,1),(283,0,0,0,1),(284,0,0,0,1),(285,1,1,0,1),(286,0,0,0,1),(287,0,0,0,1),(288,0,0,0,1),(289,0,0,0,1),(290,0,0,0,1),(291,0,0,0,1),(292,0,0,0,1),(293,0,0,0,1),(294,0,0,0,1),(295,0,0,0,1),(296,0,0,0,1),(297,0,0,0,1),(298,0,0,0,1),(299,0,0,0,1),(300,0,0,0,1),(301,0,0,0,1),(302,0,0,0,1),(303,0,0,0,1),(304,0,0,0,1),(305,0,0,0,1),(306,0,0,0,1),(307,0,0,0,1),(308,0,0,0,1),(309,0,0,0,1),(310,0,1,0,1),(311,0,0,0,1),(312,0,0,0,1),(313,0,0,0,1),(314,0,0,0,1),(315,0,0,0,1),(316,0,0,0,1),(317,0,1,0,1),(318,0,0,1,1),(319,1,1,1,1),(320,0,0,0,1),(321,0,0,1,1),(322,0,0,0,1),(323,0,0,0,1),(324,0,1,0,1),(325,1,1,1,1),(326,1,1,1,1),(327,0,0,0,1),(328,0,0,0,1),(329,0,0,0,1),(330,0,0,0,1),(331,0,0,0,1),(332,0,0,0,1),(333,0,0,0,1),(334,0,0,0,1),(335,0,0,0,1),(336,0,0,0,1),(337,0,0,0,1),(338,0,0,0,1),(339,0,0,0,1),(340,0,1,0,1),(341,0,0,0,1),(342,0,0,0,1),(343,0,0,0,1),(344,0,0,0,1),(345,0,0,0,1),(346,0,0,0,1),(347,1,1,0,1),(348,0,0,0,1),(349,0,0,0,1),(350,0,0,1,1),(351,1,1,1,1),(352,0,0,1,1),(353,0,1,0,1),(354,0,0,0,1),(355,0,0,0,1),(356,1,1,0,1),(357,0,0,0,1),(358,0,0,0,1),(359,0,0,0,1),(360,0,0,0,1),(361,0,0,0,1),(362,0,0,0,1),(363,0,0,0,1),(364,0,0,0,1),(365,0,0,0,1),(366,0,0,0,1),(367,0,0,1,1),(368,0,0,0,1),(369,0,0,0,1),(370,0,0,0,1),(371,0,0,0,1),(372,0,1,0,1),(373,0,1,0,1),(374,0,1,0,1),(375,0,0,0,1),(376,0,0,0,1),(377,0,0,0,1),(378,0,0,0,1),(379,0,0,0,1),(380,0,0,0,1),(381,0,0,1,1),(382,0,0,0,1),(383,0,0,0,1),(384,0,0,0,1),(385,0,0,0,1),(386,0,0,0,1),(387,0,0,0,1),(388,0,0,0,1),(389,0,0,0,1),(390,1,1,0,1),(391,0,0,0,1),(392,0,0,0,1),(393,0,0,0,1),(394,0,0,0,1),(395,0,0,0,1),(396,0,0,0,1),(397,0,0,0,1),(398,0,0,0,1),(399,0,0,0,1),(400,0,1,0,1),(401,0,0,0,1),(402,0,0,1,1),(403,0,0,0,1),(404,0,0,0,1),(405,0,0,0,1),(406,0,0,0,1),(407,0,0,0,1),(408,0,0,0,1),(409,0,0,0,1),(410,0,0,0,1),(411,0,0,0,1),(412,1,1,0,1),(413,0,0,0,1),(414,0,0,0,1),(415,0,0,0,1),(416,0,0,0,1),(417,0,0,0,1),(418,0,0,0,1),(419,0,0,0,1),(420,0,0,0,1),(421,0,0,0,1),(422,0,0,0,1),(423,0,0,0,1),(424,0,0,0,1),(425,0,1,0,1),(426,0,0,0,1),(427,0,0,0,1),(428,0,0,0,1),(429,0,0,0,1),(430,0,0,0,1),(431,0,0,0,1),(432,0,0,0,1),(433,0,0,0,1),(434,0,1,0,1),(435,0,0,0,1),(436,0,0,0,1),(437,0,0,0,1),(438,0,0,0,1),(439,0,0,0,1),(440,0,0,0,1),(441,0,1,0,1),(442,0,0,0,1),(443,0,0,0,1),(444,0,0,1,1),(445,0,0,0,1),(446,0,0,0,1),(447,0,0,0,1),(448,0,0,0,1),(449,0,0,0,1),(450,0,0,0,1),(451,0,0,0,1),(452,0,1,0,1),(453,0,0,0,1),(454,0,0,0,1),(455,0,0,0,1),(456,0,0,0,1),(457,0,0,0,1),(458,0,0,0,1),(459,0,0,0,1),(460,0,0,0,1),(461,0,0,0,1),(462,0,0,0,1),(463,0,0,0,1),(464,0,0,0,1),(465,0,0,0,1),(466,0,0,0,1),(467,0,0,0,1),(468,0,0,0,1),(469,0,0,0,1),(470,0,0,1,1),(471,0,0,0,1),(472,0,0,0,1),(473,0,0,0,1),(474,0,0,0,1),(475,0,0,0,1),(476,0,0,0,1),(477,0,0,0,1),(478,0,0,0,1),(479,1,1,1,1),(480,0,0,0,1),(481,0,0,0,1),(482,0,0,0,1),(483,0,0,0,1),(484,0,0,0,1),(485,0,0,0,1),(486,0,0,1,1),(487,0,0,0,1),(488,1,0,1,1),(489,0,0,0,1),(490,1,1,1,1),(491,0,0,0,1),(492,0,0,0,1),(493,0,0,0,1),(494,0,0,0,1),(495,0,0,0,1),(496,0,0,0,1),(497,0,0,0,1),(498,0,0,0,1),(499,0,0,0,1),(500,0,0,0,1),(501,0,0,0,1),(502,0,0,0,1),(503,0,0,0,1),(504,0,0,0,1),(505,0,0,0,1),(506,1,1,1,1),(507,0,0,0,1),(508,0,0,0,1),(509,0,0,0,1),(510,0,0,0,1),(511,0,0,1,1),(512,0,0,0,1),(513,0,0,0,1),(514,0,0,0,1),(515,0,1,0,1),(516,0,0,0,1),(517,0,0,0,1),(518,1,1,0,1),(519,0,0,0,1),(520,0,0,0,1),(521,0,0,0,1),(522,0,0,0,1),(523,0,0,0,1),(524,0,0,0,1),(525,0,0,0,1),(526,1,1,0,1),(527,0,0,0,1),(528,0,0,0,1),(529,0,0,0,1),(530,0,0,0,1),(531,0,0,0,1),(532,0,0,0,1),(533,0,0,0,1),(534,0,0,0,1),(535,0,0,0,1),(536,0,0,0,1),(537,0,1,0,1),(538,0,0,0,1),(539,1,1,0,1),(540,0,0,0,1),(541,0,0,0,1),(542,0,0,0,1),(543,0,0,0,1),(544,0,0,0,1),(545,0,0,0,1),(546,0,0,0,1),(547,0,0,0,1),(548,0,0,0,1),(549,0,0,0,1),(550,0,0,0,1),(551,0,0,0,1),(552,0,0,0,1),(553,0,0,0,1),(554,0,0,0,1),(555,0,0,0,1),(556,0,0,0,1),(557,0,0,0,1),(558,0,0,0,1),(559,0,0,0,1),(560,0,0,0,1),(561,0,0,0,1),(562,0,0,0,1),(563,0,0,0,1),(564,0,0,0,1),(565,0,1,0,1),(566,0,0,0,1),(567,0,0,0,1),(568,0,0,0,1),(569,0,0,0,1),(570,0,1,0,1),(571,0,0,0,1),(572,0,0,0,1),(573,0,0,0,1),(574,0,0,0,1),(575,0,0,0,1),(576,0,0,0,1),(577,0,0,0,1),(578,0,0,0,1),(579,0,0,0,1),(580,0,0,0,1),(581,0,0,0,1),(582,0,0,0,1),(583,0,0,0,1),(584,0,0,0,1),(585,0,0,0,1),(586,0,0,0,1),(587,0,0,0,1),(588,0,0,0,1),(589,1,1,0,1),(590,0,1,0,1),(591,0,0,0,1),(592,0,0,0,1),(593,0,0,0,1),(594,0,0,0,1),(595,0,0,0,1),(596,0,0,0,1),(597,0,0,1,1),(598,0,0,1,1),(599,0,0,0,1),(600,0,0,0,1),(601,0,0,0,1),(602,0,0,0,1),(603,0,0,0,1),(604,0,1,0,1),(605,0,0,0,1),(606,0,0,0,1),(607,0,0,0,1),(608,0,0,0,1),(609,0,0,0,1),(610,0,0,0,1),(611,0,0,0,1),(612,0,0,0,1),(613,0,0,0,1),(614,0,0,0,1),(615,0,0,0,1),(616,0,1,0,1),(617,0,0,1,1),(618,0,0,0,1),(619,0,0,0,1),(620,0,0,0,1),(621,0,0,0,1),(622,0,0,0,1),(623,0,0,0,1),(624,0,0,0,1),(625,0,0,0,1),(626,0,0,0,1),(627,0,0,0,1),(628,0,0,0,1),(629,0,0,0,1),(630,0,0,0,1),(631,0,0,0,1),(632,0,0,0,1),(633,0,0,0,1),(634,0,0,0,1),(635,0,0,0,1),(636,0,1,0,1),(637,0,0,0,1),(638,0,0,1,1),(639,0,0,1,1),(640,0,0,0,1),(641,0,0,0,1),(642,0,0,0,1),(643,1,1,0,1),(644,0,0,0,1),(645,0,0,0,1),(646,0,0,1,1),(647,0,0,0,1),(648,0,1,0,1),(649,0,0,0,1),(650,0,0,0,1),(651,0,0,0,1),(652,0,0,0,1),(653,1,1,1,1),(654,0,0,0,1),(655,0,0,0,1),(656,0,0,0,1),(657,0,0,0,1),(658,0,0,0,1),(659,0,0,0,1),(660,0,0,0,1),(661,0,0,0,1),(662,0,0,0,1),(663,1,1,0,1),(664,0,0,0,1),(665,0,0,0,1),(666,0,0,0,1),(667,0,0,0,1),(668,0,0,0,1),(669,0,1,0,1),(670,0,0,0,1),(671,0,0,0,1),(672,0,0,0,1),(673,0,0,0,1),(674,0,0,0,1),(675,0,0,0,1),(676,0,0,0,1),(677,0,0,0,1),(678,0,0,0,1),(679,0,0,0,1),(680,0,0,0,1),(681,0,0,0,1),(682,0,0,0,1),(683,0,0,0,1),(684,0,0,0,1),(685,0,0,0,1),(686,0,0,0,1),(687,0,0,0,1),(688,0,0,0,1),(689,0,0,0,1),(690,0,0,0,1),(691,0,0,0,1),(692,0,0,0,1),(693,0,0,0,1),(694,0,0,0,1),(695,0,0,0,1),(696,0,0,1,1),(697,0,0,0,1),(698,0,0,0,1),(699,0,0,0,1),(700,0,0,0,1),(701,0,0,0,1),(702,0,0,0,1),(703,0,0,0,1),(704,0,0,0,1),(705,0,0,0,1),(706,0,0,0,1),(707,0,0,0,1),(708,0,0,0,1),(709,0,0,0,1),(710,0,0,0,1),(711,0,0,0,1),(712,0,1,0,1),(713,0,0,0,1),(714,0,0,0,1),(715,0,0,0,1),(716,0,0,0,1),(717,0,0,0,1),(718,0,0,0,1),(719,0,0,0,1),(720,0,0,0,1),(721,0,0,0,1),(722,1,1,1,1),(723,0,0,0,1),(724,0,0,0,1),(725,0,0,0,1),(726,0,0,0,1),(727,1,1,1,1),(728,0,0,0,1),(729,0,0,0,1),(730,0,0,0,1),(731,0,0,0,1),(732,0,1,0,1),(733,0,0,0,1),(734,0,0,0,1),(735,0,0,0,1),(736,0,0,1,1),(737,0,0,0,1),(738,0,0,0,1),(739,0,0,0,1),(740,0,0,0,1),(741,0,0,0,1),(742,0,0,0,1),(743,0,0,0,1),(744,0,0,0,1),(745,0,0,0,1),(746,0,0,0,1),(747,0,0,0,1),(748,0,0,0,1),(749,0,0,0,1),(750,1,1,1,1),(751,0,0,0,1),(752,0,0,0,1),(753,1,1,0,1),(754,1,1,0,1),(755,0,0,0,1),(756,0,0,0,1),(757,0,0,0,1),(758,0,0,0,1),(759,0,0,0,1),(760,0,0,0,1),(761,0,1,0,1),(762,0,0,0,1),(763,0,0,0,1),(764,0,0,0,1),(765,0,0,0,1),(766,0,0,0,1),(767,1,1,0,1),(768,0,0,0,1),(769,0,0,0,1),(770,0,0,0,1),(771,0,0,0,1),(772,0,0,0,1),(773,0,0,1,1),(774,0,0,0,1),(775,0,0,0,1),(776,0,0,0,1),(777,1,1,1,1),(778,0,0,1,1),(779,0,0,0,1),(780,0,0,0,1),(781,0,0,0,1),(782,0,0,0,1),(783,0,0,0,1),(784,0,0,0,1),(785,0,1,0,1),(786,0,0,0,1),(787,0,0,0,1),(788,0,0,0,1),(789,0,0,0,1),(790,0,0,0,1),(791,0,0,0,1),(792,0,0,1,1),(793,0,0,0,1),(794,0,0,1,1),(795,0,0,0,1),(796,0,0,0,1),(797,0,0,0,1),(798,1,1,0,1),(799,0,0,0,1),(800,0,0,0,1),(801,0,0,0,1),(802,0,0,0,1),(803,0,0,0,1),(804,0,0,0,1),(805,0,0,0,1),(806,0,0,0,1),(807,0,0,0,1),(808,0,0,0,1),(809,0,0,1,1),(810,0,0,0,1),(811,0,0,0,1);
/*!40000 ALTER TABLE `officials` ENABLE KEYS */;
UNLOCK TABLES;

--
-- Table structure for table `personen`
--

DROP TABLE IF EXISTS `personen`;
/*!40101 SET @saved_cs_client     = @@character_set_client */;
/*!50503 SET character_set_client = utf8mb4 */;
CREATE TABLE `personen` (
  `id` int NOT NULL AUTO_INCREMENT,
  `adres_id` int DEFAULT NULL,
  `voornaam` varchar(45) COLLATE utf8mb4_unicode_ci NOT NULL,
  `naam` varchar(45) COLLATE utf8mb4_unicode_ci NOT NULL,
  `geboortejaar` int NOT NULL,
  `geslacht` char(1) COLLATE utf8mb4_unicode_ci DEFAULT NULL,
  `licentienummer` varchar(45) COLLATE utf8mb4_unicode_ci DEFAULT NULL,
  `club` varchar(45) COLLATE utf8mb4_unicode_ci NOT NULL,
  PRIMARY KEY (`id`),
  KEY `fk_personen_adressen1_idx` (`adres_id`),
  CONSTRAINT `fk_personen_adressen1` FOREIGN KEY (`adres_id`) REFERENCES `adressen` (`id`)
) ENGINE=InnoDB AUTO_INCREMENT=1586 DEFAULT CHARSET=utf8mb4 COLLATE=utf8mb4_unicode_ci;
/*!40101 SET character_set_client = @saved_cs_client */;

--
-- Dumping data for table `personen`
--

LOCK TABLES `personen` WRITE;
/*!40000 ALTER TABLE `personen` DISABLE KEYS */;
INSERT INTO `personen` VALUES (1,NULL,'Agnes','Torfs',1949,NULL,'AZV/20100/49','AZV'),(2,NULL,'Alain','Descamps',1967,NULL,'TRUST/11159/67','TRUST'),(3,NULL,'Alain','Ghyselbrecht',1961,NULL,'VZV/11008/61','VZV'),(4,NULL,'Alex','Van Den Bremt',1972,NULL,'AZL/11093/72','AZL'),(5,NULL,'Alfons','Wouters',1957,NULL,'BRABO/10737/57','BRABO'),(6,NULL,'Alfons','Beerlings',1955,NULL,'AZSC/11057/55','AZSC'),(7,NULL,'Amparo','Casas Ramos',1979,NULL,'KST/21086/79','KST'),(8,NULL,'An','Vanherck',1977,NULL,'DBT/21159/77','DBT'),(9,NULL,'An','Verhaert',1980,NULL,'HZS/21216/80','HZS'),(10,NULL,'Andy','Fierens',1980,NULL,'ZVL/11040/80','ZVL'),(11,NULL,'Andy','Waeghe',1976,NULL,'UZKZ/11053/76','UZKZ'),(12,NULL,'Andy','Kindt',1978,NULL,'TZT/11066/78','TZT'),(13,NULL,'Andy','Gijsens',1971,NULL,'DDAT/11034/71','DDAT'),(14,NULL,'Andy','Van Den Wyngaert',1975,NULL,'BRABO/11193/75','BRABO'),(15,NULL,'Anja','Van Campenhout',1969,NULL,'BRABO/20520/69','BRABO'),(16,NULL,'Anja','Jansen',1974,NULL,'TRUST/21211/74','TRUST'),(17,NULL,'Anje','Vannieuwkerke',1971,NULL,'ZB/20169/71','ZB'),(18,NULL,'Ann','Clinckaert',1970,NULL,'AST/21027/70','AST'),(19,NULL,'Ann','Daenen',1978,NULL,'GZVN/21297/78','GZVN'),(20,NULL,'Ann','Hooybergs',1972,NULL,'MOZKA/20291/72','MOZKA'),(21,NULL,'Ann','De Wit',1957,NULL,'DDAT/20130/57','DDAT'),(22,NULL,'Ann','Goeleven',1969,NULL,'LAQUA/21256/69','LAQUA'),(23,NULL,'Ann','Lefevre',1963,NULL,'ZTZ/20055/63','ZTZ'),(24,NULL,'Ann','Vandenbrouck',1965,NULL,'ROSC/20321/65','ROSC'),(25,NULL,'Ann','Audenaert',1977,NULL,'STA/21000/77','STA'),(26,NULL,'Ann','Van Broekhoven',1973,NULL,'HZS/21056/73','HZS'),(27,NULL,'Anneke','Labath',1965,NULL,'MOZKA/21069/65','MOZKA'),(28,NULL,'Annelies','Hoste',1984,NULL,'IKZ/21142/84','IKZ'),(29,NULL,'Annelies','Verhaeghe',1976,NULL,'TZT/21083/76','TZT'),(30,NULL,'Annelies','Sticker',1977,NULL,'DDAT/21089/77','DDAT'),(31,NULL,'Anne-Marie','Vereecken',1963,NULL,'AST/21035/63','AST'),(32,NULL,'Annemie','Vulsteke',1965,NULL,'VZV/21019/65','VZV'),(33,NULL,'Annemieke','Pletsers',1969,NULL,'LAQUA/21211/69','LAQUA'),(34,NULL,'Anouk','Doggen',1978,NULL,'AZK/21063/78','AZK'),(35,NULL,'Arianne','Leenaerts',1980,NULL,'AZK/21025/80','AZK'),(36,NULL,'Arthur','Somei',2001,NULL,'ZORO/11143/01','ZORO'),(37,NULL,'Astrid','van Nierop',1977,NULL,'ZCK/22083/77','ZCK'),(38,NULL,'Bart','Plasman',1969,NULL,'ZIOS/11014/69','ZIOS'),(39,NULL,'Bart','Meers',1975,NULL,'HZS/11107/75','HZS'),(40,NULL,'Bart','Verroken',1973,NULL,'DDAT/11047/73','DDAT'),(41,NULL,'Bart','Heylen',1980,NULL,'KST/11072/80','KST'),(42,NULL,'Bart','De Maerschalck',1979,NULL,'RSCM/11359/79','RSCM'),(43,NULL,'Bart','Provoost',1977,NULL,'TZT/11018/77','TZT'),(44,NULL,'Bart','Ver Heyen',1969,NULL,'MOZKA/10298/69','MOZKA'),(45,NULL,'Bart','Franssen',1981,NULL,'ZVL/11099/81','ZVL'),(46,NULL,'Bart','Mattheus',1974,NULL,'TRUST/11144/74','TRUST'),(47,NULL,'Bart','Penninger',1976,NULL,'FAST/11109/76','FAST'),(48,NULL,'Bart','Van den Eede',1973,NULL,'AZL/11066/73','AZL'),(49,NULL,'Bart','Bielen',1968,NULL,'HZS/10497/68','HZS'),(50,NULL,'Bart','Pollet',1974,NULL,'DDAT/11082/74','DDAT'),(51,NULL,'Bart','Vandecasteele',1968,NULL,'DIZV/10132/68','DIZV'),(52,NULL,'Bart','De Vocht',1983,NULL,'ZCT/11153/83','ZCT'),(53,NULL,'Bart','Van Der Weyden',1975,NULL,'SHARK/11035/75','SHARK'),(54,NULL,'Bart','Eggermont',1977,NULL,'FAST/11062/77','FAST'),(55,NULL,'Bart','Okens',1971,NULL,'ZCK/10342/71','ZCK'),(56,NULL,'Bart','Dewulf',1967,NULL,'KZK/10001/67','KZK'),(57,NULL,'Bart','Willekens',1974,NULL,'MOZKA/11123/74','MOZKA'),(58,NULL,'Bart','Van Dyck',1967,NULL,'KST/10128/67','KST'),(59,NULL,'Bart','Van Droogenbroeck',1976,NULL,'ZIOS/11087/76','ZIOS'),(60,NULL,'Bart','Van Lierde',1973,NULL,'ZIOS/11089/73','ZIOS'),(61,NULL,'Benedict','Vanbekbergen',1981,NULL,'ZDKB/11100/81','ZDKB'),(62,NULL,'Benjamin','Sabbe',1979,NULL,'ZTB/11059/79','ZTB'),(63,NULL,'Bernard','Becuwe',1970,NULL,'ZTB/11000/70','ZTB'),(64,NULL,'Bernard','WARNON',1967,NULL,'SCZ/11067/67','SCZ'),(65,NULL,'Bert','Van der Borght',1977,NULL,'ZCT/11082/77','ZCT'),(66,NULL,'Bert','Van Looy',1969,NULL,'ZCT/11036/69','ZCT'),(67,NULL,'Bert','Ausloos',1975,NULL,'KAZS/10212/75','KAZS'),(68,NULL,'Bert Alfons','Leysen',1977,NULL,'ZN/11068/77','ZN'),(69,NULL,'Bieke','Devlieghere',1971,NULL,'BEST/21119/71','BEST'),(70,NULL,'Birgitte','Panis',1977,NULL,'GZVN/21331/77','GZVN'),(71,NULL,'Bjorn','Salomez',1978,NULL,'ZB/11057/78','ZB'),(72,NULL,'Boris','Asscherickx',1978,NULL,'TRUST/11196/78','TRUST'),(73,NULL,'Boris','Moulaert',1981,NULL,'DDAT/11133/81','DDAT'),(74,NULL,'Brecht ','Parmentier',1979,NULL,'KZK/11064/79','KZK'),(75,NULL,'Bruno','Eugene',1970,NULL,'ZORO/10037/70','ZORO'),(76,NULL,'Bruno','Van Reeth',1979,NULL,'BRABO/11237/79','BRABO'),(77,NULL,'Camiel','De Grave',1948,NULL,'AZ/11072/48','AZ'),(78,NULL,'Carine','Couls',1969,NULL,'SCWR/21025/69','SCWR'),(79,NULL,'Carl','Desmet',1968,NULL,'TZT/11017/68','TZT'),(80,NULL,'Carl','Devos',1968,NULL,'IKZ/10160/68','IKZ'),(81,NULL,'Carolien','Martens',1978,NULL,'ZCT/21127/78','ZCT'),(82,NULL,'Caroline','Limbourg',1977,NULL,'FIRST/21174/77','FIRST'),(83,NULL,'Cathrine','Steffens',1978,NULL,'SCZ/21061/78','SCZ'),(84,NULL,'Chantal','De Keersmaecker',1968,NULL,'LAQUA/21203/68','LAQUA'),(85,NULL,'Chris','Geboers',1965,NULL,'ZBD/10016/65','ZBD'),(86,NULL,'Chris','Nagels',1978,NULL,'AZV/21039/78','AZV'),(87,NULL,'Chris','Wachtelaer',1975,NULL,'AST/11064/75','AST'),(88,NULL,'Christ','Willems',1968,NULL,'MEGA/21039/68','MEGA'),(89,NULL,'Christa','Alders',1970,NULL,'PZC/21048/70','PZC'),(90,NULL,'Christel','DEGROS',1974,NULL,'GOLD/21121/74','GOLD'),(91,NULL,'Christel','Boon',1964,NULL,'LAQUA/21234/64','LAQUA'),(92,NULL,'Christel','De Beleyr',1958,NULL,'STW/21034/58','STW'),(93,NULL,'Christel','Van Vaeck',1964,NULL,'RSCM/20003/64','RSCM'),(94,NULL,'Christelle','De Schepper',1976,NULL,'STZ/21090/76','STZ'),(95,NULL,'Christelle','Marchand',1979,NULL,'KVZP/21093/79','KVZP'),(96,NULL,'Christiane','DEMEESTER',1966,NULL,'GOLD/20052/66','GOLD'),(97,NULL,'Christine ','Deforche',1971,NULL,'IKZ/21074/71','IKZ'),(98,NULL,'Christof','Ruyskensveld',1972,NULL,'FIRST/11055/72','FIRST'),(99,NULL,'Christophe','Haus',1977,NULL,'ISWIM/11019/77','ISWIM'),(100,NULL,'Cindy','Priels',1974,NULL,'KVZP/21023/74','KVZP'),(101,NULL,'Cindy','De Smet',1973,NULL,'ZN/21022/73','ZN'),(102,NULL,'Cindy','Nardozza',1976,NULL,'DBT/21061/76','DBT'),(103,NULL,'Cindy','Vantieghem',1976,NULL,'KWZC/21033/76','KWZC'),(104,NULL,'Cindy','Dekoning',1976,NULL,'DBT/21156/76','DBT'),(105,NULL,'Cindy','Moens',1971,NULL,'ZNA/21356/71','ZNA'),(106,NULL,'Cindy','Claeys',1970,NULL,'FIRST/20023/70','FIRST'),(107,NULL,'Claude','Van Hecke',1968,NULL,'DZO/11054/68','DZO'),(108,NULL,'Claude','Bultot',1969,NULL,'ROSC/11068/69','ROSC'),(109,NULL,'Claus','Cluysen',1973,NULL,'LWB/11078/73','LWB'),(110,NULL,'Conny','Huyghebaert',1974,NULL,'RZV/21116/74','RZV'),(111,NULL,'Cynthia','Leroux',1974,NULL,'KVZP/21046/74','KVZP'),(112,NULL,'Daniel','Uyttersprot',1965,NULL,'VZV/11012/65','VZV'),(113,NULL,'Danil','Van Rumst',1958,NULL,'ZCM/11037/58','ZCM'),(114,NULL,'Danielle','Vandenbosch',1960,NULL,'LAQUA/21101/60','LAQUA'),(115,NULL,'Danny','De Meyer',1964,NULL,'GBZ/10323/64','GBZ'),(116,NULL,'Danny','BUYSENS',1968,NULL,'GOLD/10355/68','GOLD'),(117,NULL,'Danny','Inghels',1972,NULL,'SWEM/10081/72','SWEM'),(118,NULL,'Daphne','Jacobs',1977,NULL,'KZK/21062/77','KZK'),(119,NULL,'Daphne','Andries',1975,NULL,'BRABO/21390/75','BRABO'),(120,NULL,'David','Vanderbruggen',1976,NULL,'KLSVZ/11032/76','KLSVZ'),(121,NULL,'David','Shirvill',1976,NULL,'BRABO/11391/76','BRABO'),(122,NULL,'Davy','Truyers',1976,NULL,'MOZKA/11057/76','MOZKA'),(123,NULL,'Davy','Beyens',1977,NULL,'DBT/11131/77','DBT'),(124,NULL,'Debby','Vandeputte ',1986,NULL,'IKZ/21057/86','IKZ'),(125,NULL,'Delphine','Van Renterghem',1969,NULL,'MEGA/21049/69','MEGA'),(126,NULL,'Dennis','Vanotterdijk',1973,NULL,'DMB/11096/73','DMB'),(127,NULL,'Didier','Beauthier',1965,NULL,'KVZP/10201/65','KVZP'),(128,NULL,'Diederik','Delen',1977,NULL,'KAZS/11057/77','KAZS'),(129,NULL,'Dieter','Vandorpe',1973,NULL,'FAST/11060/73','FAST'),(130,NULL,'Dieter','Heyerick',1971,NULL,'KZK/10699/71','KZK'),(131,NULL,'Dieter','For',1978,NULL,'MEGA/11230/78','MEGA'),(132,NULL,'Dietrich','Stox',1976,NULL,'HZS/11108/76','HZS'),(133,NULL,'Dirk','Van Belle',1964,NULL,'LAQUA/11486/64','LAQUA'),(134,NULL,'Dirk','Vandekerckhove',1959,NULL,'ISWIM/11021/59','ISWIM'),(135,NULL,'Dirk','Laceur',1962,NULL,'BEST/11030/62','BEST'),(136,NULL,'Dirk','De Maeyer',1969,NULL,'VWZ/10229/69','VWZ'),(137,NULL,'Dirk','Hermans',1966,NULL,'TRUST/11101/66','TRUST'),(138,NULL,'Dirk','Neefs',1976,NULL,'TRUST/11139/76','TRUST'),(139,NULL,'Dirk','Vandenborre',1963,NULL,'TRUST/11145/63','TRUST'),(140,NULL,'Dirk','De Noble',1970,NULL,'FIRST/10463/70','FIRST'),(141,NULL,'Dirk','Puttaert',1972,NULL,'DDAT/11029/72','DDAT'),(142,NULL,'Django','Derycke',1975,NULL,'RZV/11118/75','RZV'),(143,NULL,'Dominique','De Groote',1978,NULL,'OZEKA/11104/78','OZEKA'),(144,NULL,'Dominique','Vandommele',1965,NULL,'KZK/21012/65','KZK'),(145,NULL,'Dominique','De Groote',1978,NULL,'FAST/11072/78','FAST'),(146,NULL,'Dries','Moreels',1975,NULL,'AST/10131/75','AST'),(147,NULL,'Dries','Sypr',1970,NULL,'MEGA/11118/70','MEGA'),(148,NULL,'Dries','Boven',1986,NULL,'SHARK/11182/86','SHARK'),(149,NULL,'Eddy','De Luyck',1957,NULL,'ZIOS/10011/57','ZIOS'),(150,NULL,'Eddy','Terryn',1954,NULL,'FAST/11059/54','FAST'),(151,NULL,'Eddy','Michiels',1969,NULL,'LWB/11056/69','LWB'),(152,NULL,'Edith','Callens',1982,NULL,'UZKZ/21054/82','UZKZ'),(153,NULL,'Edwin','Maaskant',1969,NULL,'SCZ/11089/69','SCZ'),(154,NULL,'Eefje','Devos',1973,NULL,'TRUST/21143/73','TRUST'),(155,NULL,'Eguidius','Lomans',1979,NULL,'GZVN/11330/79','GZVN'),(156,NULL,'Elisa','Carlier',1982,NULL,'ROSC/21246/82','ROSC'),(157,NULL,'Elizabeth Christine','Armstrong ',1972,NULL,'ZORO/21092/72','ZORO'),(158,NULL,'Elke','Van Nuffelen',1979,NULL,'ZVL/21041/79','ZVL'),(159,NULL,'Elke','Froidmont',1982,NULL,'GZVN/21332/82','GZVN'),(160,NULL,'Elke','Debaets',1975,NULL,'STW/21146/75','STW'),(161,NULL,'Ellen','Maes',1981,NULL,'PZC/21061/81','PZC'),(162,NULL,'Ellen','Boscart',1982,NULL,'ISWIM/21075/82','ISWIM'),(163,NULL,'Ellen','Steensels',1977,NULL,'LAQUA/21255/77','LAQUA'),(164,NULL,'Ellen','Jespers',1980,NULL,'HOZT/21048/80','HOZT'),(165,NULL,'Elly','Beerten',1970,NULL,'DBT/21007/70','DBT'),(166,NULL,'Elly','Verhoeven',1971,NULL,'LWB/21057/71','LWB'),(167,NULL,'Els','Martens',1973,NULL,'MEGA/21110/73','MEGA'),(168,NULL,'ELS','DE BUSSCHER',1975,NULL,'DDZZ/21005/75','DDZZ'),(169,NULL,'Els','Desmyttere',1973,NULL,'TZT/21113/73','TZT'),(170,NULL,'Els','Vanden Begin',1976,NULL,'DDAT/21040/76','DDAT'),(171,NULL,'Els','De Volder',1976,NULL,'STA/21041/76','STA'),(172,NULL,'Els','Diddens',1978,NULL,'BRABO/21436/78','BRABO'),(173,NULL,'Els','WITTEBROODT',1978,NULL,'GOLD/21030/78','GOLD'),(174,NULL,'Els','Abts',1976,NULL,'BRABO/20996/76','BRABO'),(175,NULL,'Els','Baert',1979,NULL,'TSZ/21073/79','TSZ'),(176,NULL,'Els','Knippenberg',1984,NULL,'DMB/20453/84','DMB'),(177,NULL,'Els','De Kryger',1979,NULL,'MEGA/21378/79','MEGA'),(178,NULL,'Els','Vervaeke',1973,NULL,'SHARK/21157/73','SHARK'),(179,NULL,'Els','Heirman',1970,NULL,'STW/21037/70','STW'),(180,NULL,'Els','Berkers',1979,NULL,'HZA/21095/79','HZA'),(181,NULL,'Els','Mont',1976,NULL,'ALZV/21065/76','ALZV'),(182,NULL,'Emeric','Seeuws',1977,NULL,'ZDKK/11005/77','ZDKK'),(183,NULL,'Eric','Verheyen',1961,NULL,'ZCT/11137/61','ZCT'),(184,NULL,'Eric','Dekoninck',1961,NULL,'ZIK/11017/61','ZIK'),(185,NULL,'Eric','de Mul',1970,NULL,'MEGA/11244/70','MEGA'),(186,NULL,'Eric','Goossens',1957,NULL,'STW/11094/57','STW'),(187,NULL,'Eric','Willems',1947,NULL,'SWEM/10021/47','SWEM'),(188,NULL,'Erik','Bark',1970,NULL,'AST/10104/70','AST'),(189,NULL,'Erwin','Vanderlinden',1980,NULL,'LAQUA/11298/80','LAQUA'),(190,NULL,'Ester','Van de Vonder',1979,NULL,'WST/21077/79','WST'),(191,NULL,'Etienne','Desfosss',1964,NULL,'BRABO/10087/64','BRABO'),(192,NULL,'Eva ','De Wasch',1971,NULL,'KZK/21060/71','KZK'),(193,NULL,'Eva','Stroobants',1973,NULL,'RSCM/21302/73','RSCM'),(194,NULL,'Evelien','Roelens',1984,NULL,'IKZ/21145/84','IKZ'),(195,NULL,'Evelien','Cadron',1981,NULL,'MEGA/21357/81','MEGA'),(196,NULL,'Evelyn','Verloove',1980,NULL,'UZKZ/21128/80','UZKZ'),(197,NULL,'Evi','Hendriks',1983,NULL,'DMB/21168/83','DMB'),(198,NULL,'Evi','Van Bogaert',1980,NULL,'RSCM/21358/80','RSCM'),(199,NULL,'Evi','Materne',1976,NULL,'TRUST/21147/76','TRUST'),(200,NULL,'Evi','Leyssens',1981,NULL,'DBT/21122/81','DBT'),(201,NULL,'Evy ','Lagae',1982,NULL,'IKZ/21073/82','IKZ'),(202,NULL,'Evy','Vansieleghem',1982,NULL,'ZTB/21042/82','ZTB'),(203,NULL,'Ewout','Franois',1978,NULL,'TZT/11031/78','TZT'),(204,NULL,'Filip','Verherstraeten',1979,NULL,'DIZV/11107/79','DIZV'),(205,NULL,'Filip','Vandecasteele',1974,NULL,'OZEKA/11051/74','OZEKA'),(206,NULL,'Filip','De Decker',1967,NULL,'ZCK/12016/67','ZCK'),(207,NULL,'Filip','Berten',1972,NULL,'RSCM/11107/72','RSCM'),(208,NULL,'Filip','Baeyens',1980,NULL,'ZTB/11079/80','ZTB'),(209,NULL,'Floor','Nijziel',1973,NULL,'ZGEEL/21141/73','ZGEEL'),(210,NULL,'Franoise','Vandersteen',1961,NULL,'STZ/21015/61','STZ'),(211,NULL,'Frank','Vermote',1972,NULL,'IKZ/11134/72','IKZ'),(212,NULL,'Frank','Baart',1961,NULL,'BRABO/10521/61','BRABO'),(213,NULL,'Frank','Vanderborght',1966,NULL,'SCZ/11077/66','SCZ'),(214,NULL,'Frank','Wyns',1972,NULL,'STZ/11016/72','STZ'),(215,NULL,'Frank','Callewaert',1964,NULL,'BRABO/11060/64','BRABO'),(216,NULL,'Frank','Tack',1959,NULL,'ZTB/10072/59','ZTB'),(217,NULL,'Frank','Kemseke',1969,NULL,'KWZC/10274/69','KWZC'),(218,NULL,'Frank','Wyns',1972,NULL,'WLW/11048/72','WLW'),(219,NULL,'Franky','Van Limbergen',1971,NULL,'BRABO/10101/71','BRABO'),(220,NULL,'Franky','Joos',1962,NULL,'FIRST/10515/62','FIRST'),(221,NULL,'Freddy','De Bruyne',1948,NULL,'ZB/10065/48','ZB'),(222,NULL,'Frederique','Christiaens',1975,NULL,'KZK/11107/75','KZK'),(223,NULL,'Galle','HALSBERGHE',1994,NULL,'GOLD/20025/94','GOLD'),(224,NULL,'Geert','Heuninck',1966,NULL,'FIRST/11272/66','FIRST'),(225,NULL,'Geert','Espeel',1971,NULL,'RZV/11117/71','RZV'),(226,NULL,'Geert','Van Avermaet',1969,NULL,'TSZ/10231/69','TSZ'),(227,NULL,'Geert','Bisback',1974,NULL,'FIRST/11150/74','FIRST'),(228,NULL,'Geert','Borremans',1976,NULL,'DDAT/11049/76','DDAT'),(229,NULL,'Geert','De Peuter',1972,NULL,'KST/10106/72','KST'),(230,NULL,'Geert ','Asselman',1969,NULL,'ZOLA/11025/69','ZOLA'),(231,NULL,'Geert','Barbry',1970,NULL,'TZT/10113/70','TZT'),(232,NULL,'Geert','Vandenabeele',1972,NULL,'KVZP/11055/72','KVZP'),(233,NULL,'GEERT','DELCOMMUNE',1970,NULL,'KAZS/11076/70','KAZS'),(234,NULL,'Geert','Vanhoof',1976,NULL,'SWEM/11039/76','SWEM'),(235,NULL,'Gerald','van Groenigen',1969,NULL,'STZ/11023/69','STZ'),(236,NULL,'Gerard','De Cuyper',1973,NULL,'HZA/11005/73','HZA'),(237,NULL,'Gerry','Cypers de Landrecy',1973,NULL,'PZC/11094/73','PZC'),(238,NULL,'Gert','Nooyens',1973,NULL,'KLSVZ/11006/73','KLSVZ'),(239,NULL,'Gert','Clijmans',1994,NULL,'KST/10015/94','KST'),(240,NULL,'Gert','Voeten',1972,NULL,'KST/10119/72','KST'),(241,NULL,'Gertrude','Prenen',1953,NULL,'DMB/20062/53','DMB'),(242,NULL,'Gino','Vinck',1962,NULL,'VWZ/11062/62','VWZ'),(243,NULL,'Gino','Buelens',1972,NULL,'VWZ/11014/72','VWZ'),(244,NULL,'Giovanni','Taelman',1973,NULL,'FAST/11058/73','FAST'),(245,NULL,'Glenn','Van Steenwinkel ',1984,NULL,'SCZ/11095/84','SCZ'),(246,NULL,'Gracy','Troch',1981,NULL,'FIRST/21168/81','FIRST'),(247,NULL,'Greet','Cappelle',1978,NULL,'IKZ/21102/78','IKZ'),(248,NULL,'Greet','Verschueren',1980,NULL,'HOZT/21049/80','HOZT'),(249,NULL,'Greetie','Willems',1977,NULL,'SWEM/20013/77','SWEM'),(250,NULL,'Greetje','Dewitte',1966,NULL,'ZTZ/20029/66','ZTZ'),(251,NULL,'Gregory','Declercq',1972,NULL,'BRABO/11423/72','BRABO'),(252,NULL,'Gregory','Van Keirsbilck',1975,NULL,'BRABO/11405/75','BRABO'),(253,NULL,'Gudrun','De Smedt',1976,NULL,'ZNA/20341/76','ZNA'),(254,NULL,'Guido','Vanderkrieken',1965,NULL,'DBT/11080/65','DBT'),(255,NULL,'Gunther','de Meulenaere',1975,NULL,'IKZ/11055/75','IKZ'),(256,NULL,'Guy','Van Hoof',1957,NULL,'LAQUA/11198/57','LAQUA'),(257,NULL,'Guy','De Jonge',1964,NULL,'BRABO/10104/64','BRABO'),(258,NULL,'Guy','Robbeets',1964,NULL,'DIZV/10382/64','DIZV'),(259,NULL,'Guy','Bertels',1982,NULL,'SHARK/11158/82','SHARK'),(260,NULL,'Guy','Coppens',1952,NULL,'STW/11033/52','STW'),(261,NULL,'hannelore','Kindt',1981,NULL,'MEGA/21139/81','MEGA'),(262,NULL,'Hans','Triangle',1967,NULL,'ZORO/11151/67','ZORO'),(263,NULL,'Hans','Adriaensen',1979,NULL,'HOZT/11042/79','HOZT'),(264,NULL,'Hans','De Boo',1972,NULL,'ZVL/11064/72','ZVL'),(265,NULL,'Hans','Poppe',1981,NULL,'AZL/11123/81','AZL'),(266,NULL,'Heidi','Bervoets',1976,NULL,'ZCT/21092/76','ZCT'),(267,NULL,'Heidi','Vanhaeke',1968,NULL,'KZK/21011/68','KZK'),(268,NULL,'Heidi','Swinnen',1979,NULL,'PZC/21065/79','PZC'),(269,NULL,'Heidi','Vanderstraeten',1971,NULL,'HZS/21048/71','HZS'),(270,NULL,'Hein','Ardenoy',1965,NULL,'BZK/11031/65','BZK'),(271,NULL,'Hein','Avet',1971,NULL,'UZKZ/11051/71','UZKZ'),(272,NULL,'Heleen','Moyaert',1977,NULL,'LAQUA/21206/77','LAQUA'),(273,NULL,'Henri','Van Damme',1939,NULL,'GBZ/10313/39','GBZ'),(274,NULL,'Herve','Dumoulin',1976,NULL,'STZ/11084/76','STZ'),(275,NULL,'Hilda','Wuytack',1954,NULL,'SWEM/20058/54','SWEM'),(276,NULL,'Hilde','Bruninx',1977,NULL,'LIZV/21024/77','LIZV'),(277,NULL,'Hilde','Tutenel',1974,NULL,'KLSVZ/21099/74','KLSVZ'),(278,NULL,'Hilde','Bekaert',1971,NULL,'TRUST/21105/71','TRUST'),(279,NULL,'Hilde','De Backker',1975,NULL,'GZVN/21025/75','GZVN'),(280,NULL,'Hilde','Groenweghe',1981,NULL,'DIZV/21106/81','DIZV'),(281,NULL,'Hilde','Klerkx',1975,NULL,'PZC/21099/75','PZC'),(282,NULL,'Hilde','Lambrechts',1969,NULL,'TRUST/21148/69','TRUST'),(283,NULL,'Hilde','Verslegers',1969,NULL,'PZC/21038/69','PZC'),(284,NULL,'Hilde','Nollet',1978,NULL,'ISWIM/21074/78','ISWIM'),(285,NULL,'Hilde','Van Houte',1969,NULL,'TSZ/21020/69','TSZ'),(286,NULL,'Hugo','Corstjens',1966,NULL,'DMB/10441/66','DMB'),(287,NULL,'Ilse','Dekimpe',1975,NULL,'AST/21060/75','AST'),(288,NULL,'Ilse','Van Hauteghem',1974,NULL,'TSZ/21038/74','TSZ'),(289,NULL,'Ine','DHaese',1981,NULL,'AST/21066/81','AST'),(290,NULL,'Ineke','Van Laethem',1977,NULL,'ZDKK/21004/77','ZDKK'),(291,NULL,'Ines','Pil',1977,NULL,'ISWIM/21065/77','ISWIM'),(292,NULL,'Inge','Haers',1977,NULL,'BZK/21192/77','BZK'),(293,NULL,'Inge','Geebelen',1980,NULL,'ZGEEL/21033/80','ZGEEL'),(294,NULL,'Inge','Dries',1969,NULL,'ZGEEL/21058/69','ZGEEL'),(295,NULL,'Inge','Hegge',1972,NULL,'ZOLA/21097/72','ZOLA'),(296,NULL,'Inge','Vanautgaerden',1970,NULL,'LAQUA/21194/70','LAQUA'),(297,NULL,'Inge','Van Genechten',1986,NULL,'HZA/21069/86','HZA'),(298,NULL,'Inge','De Jaegher',1980,NULL,'BRABO/21425/80','BRABO'),(299,NULL,'Ingo','Verhoeven',1970,NULL,'ZVL/11067/70','ZVL'),(300,NULL,'Inne','Olders',1979,NULL,'SCZ/21093/79','SCZ'),(301,NULL,'Iris','Beeckman',1974,NULL,'BRABO/21254/74','BRABO'),(302,NULL,'Isabel','De Wilde',1976,NULL,'DZO/21078/76','DZO'),(303,NULL,'Isabel','Carpentier',1977,NULL,'UZKZ/21090/77','UZKZ'),(304,NULL,'Isabelle','Vander Linden',1973,NULL,'FIRST/21245/73','FIRST'),(305,NULL,'Isabelle','Vandamme',1972,NULL,'KZK/21120/72','KZK'),(306,NULL,'Isabelle','Bernolet',1975,NULL,'ZB/21046/75','ZB'),(307,NULL,'Istvan','OOSTERLYNCK',1974,NULL,'GOLD/11089/74','GOLD'),(308,NULL,'Ivan','Joosten',1970,NULL,'MOZKA/11033/70','MOZKA'),(309,NULL,'Ivan','Boeykens',1971,NULL,'KST/11061/71','KST'),(310,NULL,'Jacqueline','Geelen',1952,NULL,'ZCM/20192/52','ZCM'),(311,NULL,'Jacques','Blommaers',1952,NULL,'HZA/11049/52','HZA'),(312,NULL,'Jamie','Heymans',1979,NULL,'ZIOS/21088/79','ZIOS'),(313,NULL,'Jan','Laeremans',1965,NULL,'SHARK/11125/65','SHARK'),(314,NULL,'Jan','Van den Broeck',1970,NULL,'ZCT/11093/70','ZCT'),(315,NULL,'Jan','Van genechten',1968,NULL,'LAQUA/11501/68','LAQUA'),(316,NULL,'Jan','Maes',1977,NULL,'TZT/11052/77','TZT'),(317,NULL,'Jan','Cocquyt',1949,NULL,'ALZV/11106/49','ALZV'),(318,NULL,'Jan','Peeters',1974,NULL,'ZCM/10231/74','ZCM'),(319,NULL,'Jan','Helsen',1971,NULL,'ZGEEL/10183/71','ZGEEL'),(320,NULL,'Jan','Nelis',1973,NULL,'SHARK/11030/73','SHARK'),(321,NULL,'Jan','Bartholomeus',1955,NULL,'VZV/11000/55 ','VZV'),(322,NULL,'Jan','Commeine',1972,NULL,'ZIOS/11033/72','ZIOS'),(323,NULL,'Jan','Van den Eynde',1974,NULL,'ZCT/11043/74','ZCT'),(324,NULL,'Jane','Koevoets',1950,NULL,'AC/20095/50','AC'),(325,NULL,'Jasper','Herman',1974,NULL,'FIRST/11049/74','FIRST'),(326,NULL,'Jean','Martens',1961,NULL,'DMB/10285/61','DMB'),(327,NULL,'Jelena','Surovaja',1977,NULL,'ZS/21030/77','ZS'),(328,NULL,'Jenny','Cresens',1976,NULL,'VWZ/21059/76','VWZ'),(329,NULL,'Jeoffrey','Grondel',1972,NULL,'ALZV/11134/72','ALZV'),(330,NULL,'Jeroen','Verfaillie',1974,NULL,'UZKZ/11073/74','UZKZ'),(331,NULL,'Jeroen','Roobaert',1979,NULL,'KVZP/11059/79','KVZP'),(332,NULL,'Jeroen','Lissens',1980,NULL,'LAQUA/11404/80','LAQUA'),(333,NULL,'Jeroen','Van Genechten',1973,NULL,'KVZP/11022/73','KVZP'),(334,NULL,'Jessica','Peeters',1986,NULL,'ZCK/22091/86','ZCK'),(335,NULL,'Jessy','Blommaert',1981,NULL,'ZGEEL/21131/81','ZGEEL'),(336,NULL,'Jill','Peeters',1980,NULL,'BRABO/21365/80','BRABO'),(337,NULL,'Jimmy','Delissen',1974,NULL,'AZK/11018/74','AZK'),(338,NULL,'Jo','Maes',1981,NULL,'ZGEEL/11139/81','ZGEEL'),(339,NULL,'Joachim','Maes',1980,NULL,'KZK/11097/80','KZK'),(340,NULL,'Joachim','Hoebeeck',1981,NULL,'ZNA/10114/81','ZNA'),(341,NULL,'Jochem','Naaktgeboren',1975,NULL,'MEGA/11358/75','MEGA'),(342,NULL,'Jochen','Desmet',1977,NULL,'ZTZ/11035/77','ZTZ'),(343,NULL,'Jochen','Gos',1980,NULL,'HZS/11094/80','HZS'),(344,NULL,'Jodie','DE SAEDELEER',1992,NULL,'GOLD/20023/92','GOLD'),(345,NULL,'Jol','Smeyers',1965,NULL,'TRUST/11149/65','TRUST'),(346,NULL,'Joeri','Sterken',1973,NULL,'OZEKA/11105/73','OZEKA'),(347,NULL,'Joeri','Jacobs',1980,NULL,'ZCK/12084/80','ZCK'),(348,NULL,'Joeri','Sterken',1973,NULL,'FAST/11071/73','FAST'),(349,NULL,'Joeri','Klaykens',1978,NULL,'HZS/11175/78','HZS'),(350,NULL,'Johan','Cornelis',1963,NULL,'AZL/10178/63','AZL'),(351,NULL,'Johan','De Geeter',1964,NULL,'ISWIM/11000/64','ISWIM'),(352,NULL,'Johan','De Deyne ',1974,NULL,'MEGA/11041/74','MEGA'),(353,NULL,'Johan','Vanleynseele',1965,NULL,'BRABO/10640/65','BRABO'),(354,NULL,'Johan','Ceulemans',1977,NULL,'AZK/11054/77','AZK'),(355,NULL,'Johan','Van Ermen',1965,NULL,'DDAT/11085/65','DDAT'),(356,NULL,'Johan','Matthijs',1971,NULL,'SCZ/10165/71','SCZ'),(357,NULL,'Johan','Morren',1969,NULL,'BEST/10556/69','BEST'),(358,NULL,'Johan','Hurtekant',1957,NULL,'FIRST/10109/57','FIRST'),(359,NULL,'Johan','Carchon',1970,NULL,'LAQUA/11485/70','LAQUA'),(360,NULL,'Joke','DE SAEDELEER',1988,NULL,'GOLD/20054/88','GOLD'),(361,NULL,'Joke','Duchateau',1984,NULL,'SHARK/21203/84','SHARK'),(362,NULL,'Joren','Moors',1998,NULL,'MOZKA/10269/98','MOZKA'),(363,NULL,'Jorley','Vandewalle',1987,NULL,'ZTB/11084/87','ZTB'),(364,NULL,'Jos','Dufloucq',1973,NULL,'ISWIM/11064/73','ISWIM'),(365,NULL,'Jos','Timmermans',1975,NULL,'ZIOS/11090/75','ZIOS'),(366,NULL,'Jos','Polleunis',1961,NULL,'TRUST/11132/61','TRUST'),(367,NULL,'Jozef','Umans',1956,NULL,'PZC/10225/56','PZC'),(368,NULL,'Judit','Branyi',1974,NULL,'BRABO/21438/74','BRABO'),(369,NULL,'Julia','Hahn',1969,NULL,'SCWR/21051/69','SCWR'),(370,NULL,'Julie','Lagey',1983,NULL,'ZGEEL/21137/83','ZGEEL'),(371,NULL,'Jurgen','Vandenbogaerde',1971,NULL,'KWZC/11032/71','KWZC'),(372,NULL,'Jurgen','Huys',1971,NULL,'GZVN/10617/71','GZVN'),(373,NULL,'Jurgen','Anthoni',1973,NULL,'BRABO/11068/73','BRABO'),(374,NULL,'Jurgen','Van Geel',1978,NULL,'WST/11039/78','WST'),(375,NULL,'Jurgen','Bode',1976,NULL,'DMB/11023/76','DMB'),(376,NULL,'Jurgen','Bohmer',1978,NULL,'ZCT/11075/78','ZCT'),(377,NULL,'Karen','Grootjans',1975,NULL,'TRUST/21150/75','TRUST'),(378,NULL,'Karen','Haerens',1971,NULL,'DDAT/21093/71','DDAT'),(379,NULL,'Karin','Ver Elst',1965,NULL,'ZORO/21078/65','ZORO'),(380,NULL,'Karine','Van Verdegem',1969,NULL,'SWEM/20142/69','SWEM'),(381,NULL,'Karine','Cleys',1963,NULL,'GBZ/20105/63','GBZ'),(382,NULL,'Karolien','Dumon',1980,NULL,'KLSVZ/21096/80','KLSVZ'),(383,NULL,'Karolien','Vanhooren',1983,NULL,'ZTB/21055/83','ZTB'),(384,NULL,'Karoline','Blondeel',1968,NULL,'AST/21000/68','AST'),(385,NULL,'Katalin','Ratiu',1988,NULL,'ZCT/21171/88','ZCT'),(386,NULL,'Katarina','Maaskant',1974,NULL,'SCZ/21090/74','SCZ'),(387,NULL,'Katharine','Cleiren',1967,NULL,'BEST/21012/67','BEST'),(388,NULL,'Kathleen','Van Roy',1980,NULL,'MOZKA/21086/80','MOZKA'),(389,NULL,'Kathleen','Van Craenenbroeck',1973,NULL,'ZTZ/21009/73','ZTZ'),(390,NULL,'Kathy','De Meyere',1973,NULL,'SWEM/21040/73','SWEM'),(391,NULL,'Katinka','De Bruyn',1974,NULL,'WST/21034/74','WST'),(392,NULL,'Katleen','Lodewyckx',1977,NULL,'TRUST/21140/77','TRUST'),(393,NULL,'Katrien','Quintijn',1976,NULL,'BEST/21096/76','BEST'),(394,NULL,'Katrien','Gommers',1972,NULL,'ZNA/21226/72','ZNA'),(395,NULL,'Katrien','Verbesselt',1975,NULL,'RSCM/21214/75','RSCM'),(396,NULL,'Katrien','Van Leugenhaeghe',1978,NULL,'DZO/21108/78','DZO'),(397,NULL,'Katrien','De Maeyer',1975,NULL,'TRUST/21104/75','TRUST'),(398,NULL,'Katrien','De Wilde',1977,NULL,'MEGA/21222/77','MEGA'),(399,NULL,'Katrien','Bastiaens',1967,NULL,'LWB/20166/67','LWB'),(400,NULL,'Katrien','Kennis',1967,NULL,'ZCK/20206/67','ZCK'),(401,NULL,'Katrin','Niesel',1974,NULL,'DDAT/21080/74','DDAT'),(402,NULL,'Katty','Hautman',1975,NULL,'LZV/21013/75','LZV'),(403,NULL,'Katya','Korolyk',1973,NULL,'DBT/21066/73','DBT'),(404,NULL,'Kelly','Quintyn',1979,NULL,'ZTZ/21034/79','ZTZ'),(405,NULL,'Kelly','Aelbrecht',1981,NULL,'BZK/21313/81','BZK'),(406,NULL,'Kenneth','Van de Borne',1986,NULL,'HZA/11094/86','HZA'),(407,NULL,'Kenny','Baert',1984,NULL,'ZTB/11081/84','ZTB'),(408,NULL,'Kerim','Serbest',1969,NULL,'TRUST/11106/69','TRUST'),(409,NULL,'Kim','Oerlemans',1980,NULL,'HZA/21034/80','HZA'),(410,NULL,'Kim','Daniels',1976,NULL,'TRUST/21142/76','TRUST'),(411,NULL,'Kim','Delissen',1978,NULL,'ZOLA/21109/78','ZOLA'),(412,NULL,'Koen','De Carne',1967,NULL,'FIRST/10647/67','FIRST'),(413,NULL,'Koen','Verhulst',1978,NULL,'AZL/11072/78','AZL'),(414,NULL,'Koen','Van Esbroeck',1975,NULL,'AZK/11019/75','AZK'),(415,NULL,'Koen','Van Grunderbeeck',1972,NULL,'ZCT/11118/72','ZCT'),(416,NULL,'Koen','VANDAMME',1977,NULL,'GOLD/11088/77','GOLD'),(417,NULL,'Koen','Van Dooren',1971,NULL,'ZN/11019/71','ZN'),(418,NULL,'Koen','Cuyvers',1969,NULL,'MOZKA/10337/69','MOZKA'),(419,NULL,'Koen','Lippens',1970,NULL,'STW/11003/70','STW'),(420,NULL,'Koen','Verspecht',1971,NULL,'ZCK/12098/71','ZCK'),(421,NULL,'Koenraad','Baeckelmans',1971,NULL,'RSCM/10512/71','RSCM'),(422,NULL,'Kris','Dumont',1977,NULL,'MEGA/11354/77','MEGA'),(423,NULL,'Kris','LAMMENS',1972,NULL,'GOLD/11123/72','GOLD'),(424,NULL,'Kris','Brosens',1972,NULL,'SHARK/10375/72','SHARK'),(425,NULL,'Kris','Op de Beeck',1976,NULL,'BRABO/11207/76','BRABO'),(426,NULL,'KRIS','DE WINTER',1973,NULL,'BRABO/11185/73','BRABO'),(427,NULL,'Kris','Vinken',1976,NULL,'DMB/11161/76','DMB'),(428,NULL,'Kris','Geeroms',1970,NULL,'SCZ/10166/70','SCZ'),(429,NULL,'Kris','Bergmans',1975,NULL,'HZS/11215/75','HZS'),(430,NULL,'Kris','Truyens',1976,NULL,'MOZKA/21122/76','MOZKA'),(431,NULL,'Krista','Kessen',1974,NULL,'GZVN/21061/74','GZVN'),(432,NULL,'Kristel','Goovaerts',1977,NULL,'ZCT/21123/77','ZCT'),(433,NULL,'Kristel','De Backer',1972,NULL,'ZN/21018/72','ZN'),(434,NULL,'Kristel','De Laet',1972,NULL,'KVZP/20157/72','KVZP'),(435,NULL,'Kristien','De Meerleer',1977,NULL,'DIZV/21070/77','DIZV'),(436,NULL,'Kristin','Poelmans',1978,NULL,'AZK/21045/78','AZK'),(437,NULL,'Kristina','Huylebroeck',1969,NULL,'BRABO/21235/69','BRABO'),(438,NULL,'Kristine','Mangelschots',1966,NULL,'ZGEEL/20159/66','ZGEEL'),(439,NULL,'Kristof','De Peyper',1979,NULL,'ZIOS/11093/79','ZIOS'),(440,NULL,'Kristof','Vanschoonbeek',1973,NULL,'DBT/11123/73','DBT'),(441,NULL,'Kurt','Kerkhove',1970,NULL,'FIRST/11139/70','FIRST'),(442,NULL,'Kurt','Kelchtermans',1968,NULL,'HZS/11029/68','HZS'),(443,NULL,'Laurence','Heeman',1973,NULL,'DDAT/20282/73','DDAT'),(444,NULL,'Lea','Maes',1937,NULL,'GBZ/20041/37','GBZ'),(445,NULL,'Leander','Druwel',1980,NULL,'ZTB/11032/80','ZTB'),(446,NULL,'Leen','Struyf',1977,NULL,'BRABO/21397/77','BRABO'),(447,NULL,'Leen','Eker',1977,NULL,'STZ/21017/77','STZ'),(448,NULL,'Leen','Tytgat',1974,NULL,'TRUST/21135/74','TRUST'),(449,NULL,'Leen','Veillefon',1976,NULL,'ZNA/21297/76','ZNA'),(450,NULL,'Leen','Bosschaert',1980,NULL,'ROSC/21314/80','ROSC'),(451,NULL,'Leen','Van den Eynde',1980,NULL,'HZA/21068/80','HZA'),(452,NULL,'Lien','Verstraete',1977,NULL,'MEGA/21037/77','MEGA'),(453,NULL,'Lien','Hellebuyck',1981,NULL,'ZTZ/20007/81','ZTZ'),(454,NULL,'Lies','Casier',1981,NULL,'TZT/21112/81','TZT'),(455,NULL,'Lies','Vlamynck',1971,NULL,'KWZC/21083/71','KWZC'),(456,NULL,'Liesbet','Willems',1967,NULL,'DBT/21045/67','DBT'),(457,NULL,'Liesbet','Broekmans',1979,NULL,'ZDKB/21088/79','ZDKB'),(458,NULL,'Liesbet','Van Lysebeth',1978,NULL,'RSCM/21197/78','RSCM'),(459,NULL,'Liesbet','Geerits',1979,NULL,'LWB/21058/79','LWB'),(460,NULL,'Liesbet','Op T Eynde',1968,NULL,'GBZ/20032/68','GBZ'),(461,NULL,'Liesbeth','Bogaert',1968,NULL,'ZNA/20484/68','ZNA'),(462,NULL,'Liesbeth','Keymeulen',1974,NULL,'RSCM/21277/74','RSCM'),(463,NULL,'Liesbeth','Wouters',1978,NULL,'KAZS/21129/78','KAZS'),(464,NULL,'Liesl','Pretorius',1971,NULL,'LAQUA/20390/71','LAQUA'),(465,NULL,'Lieve','Moers',1975,NULL,'ZALM/21006/75','ZALM'),(466,NULL,'Lieve','Mertens',1983,NULL,'HOZT/21050/83','HOZT'),(467,NULL,'Lieve','Vandezande',1976,NULL,'KAZS/21143/76','KAZS'),(468,NULL,'Lieven','Rutsaert',1982,NULL,'STA/11052/82','STA'),(469,NULL,'Lieven','Desmet',1969,NULL,'KWZC/11086/69','KWZC'),(470,NULL,'Linda','Demeyere',1961,NULL,'IKZ/20094/61','IKZ'),(471,NULL,'Linda','Van Brussel',1986,NULL,'BRABO/21426/86','BRABO'),(472,NULL,'Lode','Dewyn',1980,NULL,'KAZS/11163/80','KAZS'),(473,NULL,'Lode','Thyvelen',1975,NULL,'ZB/11056/75','ZB'),(474,NULL,'Lorenz','Strobbe',1975,NULL,'MEGA/11254/75','MEGA'),(475,NULL,'Lorenzo','Delor',1985,NULL,'FAST/11076/85','FAST'),(476,NULL,'Lotte','Delfosse',1968,NULL,'TRUST/21151/68','TRUST'),(477,NULL,'Luc','Vandooren',1953,NULL,'LAQUA/11361/53','LAQUA'),(478,NULL,'Luc','De Nijs',1954,NULL,'RSC/10004/54','RSC'),(479,NULL,'Luc','Henderyckx',1951,NULL,'ZIK/10093/51','ZIK'),(480,NULL,'Luc','Stappaerts',1965,NULL,'SHARK/10208/65','SHARK'),(481,NULL,'Luc','Buys',1963,NULL,'BRABO/10722/63','BRABO'),(482,NULL,'Luc','Nelis',1962,NULL,'MEGA/11119/62','MEGA'),(483,NULL,'Luc','Cloes',1969,NULL,'BEST/10615/69','BEST'),(484,NULL,'Luc','OOMS',1965,NULL,'ZWIM/10062/65','ZWIM'),(485,NULL,'Luc','Feys',1973,NULL,'KZK/11116/73','KZK'),(486,NULL,'Luc','Geyssens',1952,NULL,'KAZS/10136/52','KAZS'),(487,NULL,'Luc','Stappaerts',1965,NULL,'ZN/11024/65','ZN'),(488,NULL,'Luc','Van Laere',1953,NULL,'MEGA/10019/53','MEGA'),(489,NULL,'Ludo','Estur',1960,NULL,'BRABO/11388/60','BRABO'),(490,NULL,'Ludo','Adams',1962,NULL,'KST/10002/62','KST'),(491,NULL,'Ludwina','Van Droogenbroek',1968,NULL,'FAST/21073/68','FAST'),(492,NULL,'Ludwina','Van Droogenbroek',1968,NULL,'OZEKA/21063/68','OZEKA'),(493,NULL,'Lut','Vandeweyer',1962,NULL,'MOZKA/21029/62','MOZKA'),(494,NULL,'Lutgarde ','Snoeck',1968,NULL,'BRABO/21132/68','BRABO'),(495,NULL,'Lynn','Huyghe',1987,NULL,'TZT/21111/87','TZT'),(496,NULL,'Lynn','De Bruyker',1980,NULL,'MEGA/21235/80','MEGA'),(497,NULL,'Maarten','Van Gysel',1977,NULL,'MEGA/11374/77','MEGA'),(498,NULL,'Magda','Lauwers',1969,NULL,'ZOLA/20224/69','ZOLA'),(499,NULL,'Magda','Matthe',1963,NULL,'KST/20041/63','KST'),(500,NULL,'Mat','Lootens',1985,NULL,'FAST/21057/85','FAST'),(501,NULL,'Manuel','Van Gorp',1973,NULL,'KLSVZ/11065/73','KLSVZ'),(502,NULL,'Marc','Vaes',1961,NULL,'BRABO/10881/61','BRABO'),(503,NULL,'Marc','Veryser',1964,NULL,'VZV/11016/64','VZV'),(504,NULL,'MARC','BELLINKX',1970,NULL,'BRABO/11286/70','BRABO'),(505,NULL,'Marc','Daenen',1968,NULL,'GZVN/11225/68','GZVN'),(506,NULL,'Marc','Thuwis',1967,NULL,'GZVN/11120/67','GZVN'),(507,NULL,'Marc','Boone',1958,NULL,'KWZC/10226/58','KWZC'),(508,NULL,'Marc','De Smedt',1966,NULL,'ZIOS/11013/66','ZIOS'),(509,NULL,'Marc','Van Den Bussche',1951,NULL,'AZ/11003/51','AZ'),(510,NULL,'Marc','Meunier',1979,NULL,'DIZV/11100/79','DIZV'),(511,NULL,'Marcel','Van Beylen',1957,NULL,'ZGEEL/10063/57','ZGEEL'),(512,NULL,'Marco','Van Opstal',1963,NULL,'KLSVZ/11112/63','KLSVZ'),(513,NULL,'Margot','Bollen',1982,NULL,'LAQUA/21541/82','LAQUA'),(514,NULL,'Margot','Paesen',1968,NULL,'DMB/21060/68','DMB'),(515,NULL,'Maria','Vangheluwe',1953,NULL,'AZSC/21056/53','AZSC'),(516,NULL,'Mariann','Masschelein',1970,NULL,'MEGA/21136/70','MEGA'),(517,NULL,'Marianne','Schuurmans',1970,NULL,'RSCM/20466/70','RSCM'),(518,NULL,'Marie-Jose','Quix',1962,NULL,'ZGEEL/20053/62','ZGEEL'),(519,NULL,'Marie-Paule','Van Hove',1951,NULL,'AZL/20195/51','AZL'),(520,NULL,'Marijke','De Weerdt',1977,NULL,'WLW/21065/77','WLW'),(521,NULL,'Marijke','Gyselinckx',1981,NULL,'HZA/21067/81','HZA'),(522,NULL,'Marina','Van Den Bossche',1961,NULL,'AZV/21051/61','AZV'),(523,NULL,'Marina','Chevaillier',1968,NULL,'STZC/21000/68','STZC'),(524,NULL,'Marjan','Van Hunsel',1973,NULL,'ZOLA/21052/73','ZOLA'),(525,NULL,'Marjan','Vervoort',1972,NULL,'DZO/21157/72','DZO'),(526,NULL,'Mark','Van Den Bosch',1968,NULL,'MEGA/10726/68','MEGA'),(527,NULL,'Mark','Vanderstappen',1969,NULL,'KVZP/11002/69','KVZP'),(528,NULL,'Mark','Mahu',1984,NULL,'SCZ/11094/84','SCZ'),(529,NULL,'Mark','Roosen',1975,NULL,'PZC/11076/75','PZC'),(530,NULL,'Marleen','Springael',1976,NULL,'SCZ/21005/76','SCZ'),(531,NULL,'Marleen','Claes',1973,NULL,'MOZKA/21084/73','MOZKA'),(532,NULL,'Marleen','Van Raemdonck',1967,NULL,'GBZ/21002/67','GBZ'),(533,NULL,'Marnix','Den Tandt',1960,NULL,'AZL/11046/60','AZL'),(534,NULL,'Marrigje','de Jong',1972,NULL,'DDAT/21025/72','DDAT'),(535,NULL,'Martijn','Nijziel',1968,NULL,'ZGEEL/11140/68','ZGEEL'),(536,NULL,'Martine','Lorent',1969,NULL,'BEST/20614/69','BEST'),(537,NULL,'Martine','Mortier',1967,NULL,'KAZS/20158/67','KAZS'),(538,NULL,'Maryse','Van Cant',1954,NULL,'BRABO/20389/54','BRABO'),(539,NULL,'Maurits','Goossens',1943,NULL,'HZS/10052/43','HZS'),(540,NULL,'Michael','De Smaele',1978,NULL,'FIRST/11167/78','FIRST'),(541,NULL,'Michael','Caenepeel',1983,NULL,'RYSC/11073/83','RYSC'),(542,NULL,'Michel','van der Poel',1964,NULL,'SCZ/11055/64','SCZ'),(543,NULL,'Michel','Gahy',1965,NULL,'ZORO/10038/65','ZORO'),(544,NULL,'Michel','Christiaens',1972,NULL,'TZT/11068/72','TZT'),(545,NULL,'Michel','Das',1985,NULL,'KVZP/11031/85','KVZP'),(546,NULL,'Michle','Cauwels',1973,NULL,'STA/21006/73','STA'),(547,NULL,'Mieke','Van Gavere',1981,NULL,'DZO/21177/81','DZO'),(548,NULL,'Mieke','Delarbre',1977,NULL,'STW/21151/77','STW'),(549,NULL,'Mieke','Roos',1969,NULL,'HOZT/21009/69','HOZT'),(550,NULL,'Mieke','Domen',1982,NULL,'DBT/21157/82','DBT'),(551,NULL,'Mieke','Waelbers',1980,NULL,'DMB/21158/80','DMB'),(552,NULL,'Mieke','Van Ingelghem',1974,NULL,'LAQUA/21197/74','LAQUA'),(553,NULL,'Mike','Van Edom',1980,NULL,'DBT/11183/80','DBT'),(554,NULL,'Mira','Vets',1973,NULL,'ZGEEL/21032/73','ZGEEL'),(555,NULL,'Miriam','Michielsen',1976,NULL,'BRABO/21367/76','BRABO'),(556,NULL,'Muriel','Ghesquiere',1973,NULL,'RZV/21131/73','RZV'),(557,NULL,'Muriel','Cresens',1975,NULL,'TRUST/21163/75','TRUST'),(558,NULL,'Muriel','Vlaemynck',1975,NULL,'KWZC/21072/75','KWZC'),(559,NULL,'Murielle','Reyns',1978,NULL,'STW/21148/78','STW'),(560,NULL,'Myriam','Deneyer',1959,NULL,'SCWR/21026/59','SCWR'),(561,NULL,'Myriam','Essiaf',1977,NULL,'STZ/21012/77','STZ'),(562,NULL,'Nadia','Lussot',1974,NULL,'STZ/21100/74','STZ'),(563,NULL,'Nadia','Braillard',1969,NULL,'STZ/21024/69','STZ'),(564,NULL,'Nancy','De Gucht',1973,NULL,'LZV/21042/73','LZV'),(565,NULL,'Nancy','Berth',1967,NULL,'SWEM/20151/67','SWEM'),(566,NULL,'Nancy','De Waele',1974,NULL,'DZO/21129/74','DZO'),(567,NULL,'Nancy','De Schutter',1973,NULL,'BRABO/20106/73','BRABO'),(568,NULL,'Nancy','Van Den Abbeele',1973,NULL,'STW/21095/73','STW'),(569,NULL,'Nancy','Vanderheyden',1975,NULL,'LAQUA/21341/75','LAQUA'),(570,NULL,'Nancy','Van Tigchelt',1968,NULL,'KST/20148/68','KST'),(571,NULL,'Nancy','Palmans',1979,NULL,'ZN/21067/79','ZN'),(572,NULL,'Natalie','De Wolf',1973,NULL,'BRABO/20997/73','BRABO'),(573,NULL,'Natascha','De Cuyper',1982,NULL,'BRABO/21293/82','BRABO'),(574,NULL,'Nathalie','Van Belle',1982,NULL,'IKZ/21090/82','IKZ'),(575,NULL,'Nathalie','Hoste',1975,NULL,'MEGA/21026/75','MEGA'),(576,NULL,'Nathalie','Vanhoudt',1982,NULL,'DBT/21171/82','DBT'),(577,NULL,'Nathalie','Cools',1975,NULL,'ZORO/21075/75','ZORO'),(578,NULL,'Nathalie','Vandewal',1979,NULL,'DBT/21141/79','DBT'),(579,NULL,'Nathalie','Brack',1973,NULL,'LAQUA/21266/73','LAQUA'),(580,NULL,'Nathalie','Krevnak',1976,NULL,'STZ/21123/76','STZ'),(581,NULL,'Nele','Vandecandelaere',1980,NULL,'RZV/21137/80','RZV'),(582,NULL,'Nele','Mentens',1978,NULL,'BEST/21129/78','BEST'),(583,NULL,'Nele','Serruys',1974,NULL,'DDAT/20314/74','DDAT'),(584,NULL,'Nele','Verschuere',1981,NULL,'KWZC/21096/81','KWZC'),(585,NULL,'Nelis','Vets',1980,NULL,'KAZS/11108/80','KAZS'),(586,NULL,'Nelly','Van Dycke',1951,NULL,'FIRST/21056/51','FIRST'),(587,NULL,'Nico','COOREVITS',1972,NULL,'UZKZ/11004/72','UZKZ'),(588,NULL,'Nico','Bruggeman',1975,NULL,'AZL/11047/75','AZL'),(589,NULL,'Nico','Ricquier',1967,NULL,'KAZS/10165/67','KAZS'),(590,NULL,'Nicole','Goossens',1950,NULL,'STW/21000/50','STW'),(591,NULL,'Nynke','Starre',1966,NULL,'LWB/21009/66','LWB'),(592,NULL,'Oda','Steenhoudt',1971,NULL,'ZGEEL/21138/71','ZGEEL'),(593,NULL,'Ode','Mattheeuws',2002,NULL,'MEGA/21319/02','MEGA'),(594,NULL,'Oksana','Rudik',1987,NULL,'KVZP/21083/87','KVZP'),(595,NULL,'Paolo','Bussels',1978,NULL,'DMB/11169/78','DMB'),(596,NULL,'Pascal','Caroyer',1968,NULL,'TRUST/11107/68','TRUST'),(597,NULL,'Pascal','Dom',1968,NULL,'DIZV/10317/68','DIZV'),(598,NULL,'Pascal','DE SAEDELEER',1965,NULL,'GOLD/10059/65','GOLD'),(599,NULL,'Pascale','Stessens',1976,NULL,'TSZ/21074/76','TSZ'),(600,NULL,'Pascale','Van Dyck',1967,NULL,'HZS/21096/67','HZS'),(601,NULL,'Pascale','Verbauwen',1963,NULL,'MEGA/21371/63','MEGA'),(602,NULL,'Patricia','Naessens',1973,NULL,'TRUST/21146/73','TRUST'),(603,NULL,'Patrick','Nell',1974,NULL,'KVZP/11032/74','KVZP'),(604,NULL,'Paul','Claes',1957,NULL,'ZCT/10080/57','ZCT'),(605,NULL,'Paul','Verschueren',1971,NULL,'HOZT/11047/71','HOZT'),(606,NULL,'Pedro','Desodt',1980,NULL,'KZK/11133/80','KZK'),(607,NULL,'Peggy','Van Herzeele',1977,NULL,'KST/21068/77','KST'),(608,NULL,'Peggy','Verstrepen',1976,NULL,'ZGEEL/21037/76','ZGEEL'),(609,NULL,'Peggy','Van De Walle',1965,NULL,'TRUST/21100/65','TRUST'),(610,NULL,'Peggy','Lamair',1973,NULL,'ALZV/21136/73','ALZV'),(611,NULL,'Peter','Lernout',1977,NULL,'IKZ/11089/77','IKZ'),(612,NULL,'Peter','Plas',1978,NULL,'DBT/11169/78','DBT'),(613,NULL,'Peter','Gabriels',1972,NULL,'BRABO/11169/72','BRABO'),(614,NULL,'Peter','De Craemer',1983,NULL,'RYSC/11034/83','RYSC'),(615,NULL,'Peter','Verboven',1979,NULL,'ZIK/11010/79','ZIK'),(616,NULL,'Peter','Housen',1971,NULL,'DMB/10433/71','DMB'),(617,NULL,'Peter','Lemaire',1971,NULL,'ALZV/11053/71','ALZV'),(618,NULL,'Peter','De Craemer',1983,NULL,'ZB/11090/83','ZB'),(619,NULL,'Peter','Kuypers',1969,NULL,'AZK/11030/69','AZK'),(620,NULL,'Peter','Devos',1966,NULL,'ROSC/11322/66','ROSC'),(621,NULL,'Peter','Vervloet',1969,NULL,'BRABO/11163/69','BRABO'),(622,NULL,'Peter','Michiels',1967,NULL,'SWEM/10127/67','SWEM'),(623,NULL,'Petrus','Michiels',1958,NULL,'AZV/10141/58','AZV'),(624,NULL,'Philip','Overbergh',1967,NULL,'VZV/11010/67','VZV'),(625,NULL,'Philip','Moors',1978,NULL,'LWB/11035/78','LWB'),(626,NULL,'Philippe','Wyns',1976,NULL,'ZN/11017/76','ZN'),(627,NULL,'Philippe','Claerhout',1982,NULL,'ZTB/11086/82','ZTB'),(628,NULL,'Philippe','Verluyten',1972,NULL,'DZO/11084/72','DZO'),(629,NULL,'Pierre','Debecker',1972,NULL,'DMI/11004/72','DMI'),(630,NULL,'Pierre','Everaert',1960,NULL,'STW/11036/60','STW'),(631,NULL,'Piet','Janssen',1975,NULL,'ZDKB/11061/75','ZDKB'),(632,NULL,'Piet','Malfait',1963,NULL,'FAST/11108/63','FAST'),(633,NULL,'Piet','De Geyter',1979,NULL,'FIRST/11129/79','FIRST'),(634,NULL,'Piet','Union',1968,NULL,'ZORO/11118/68','ZORO'),(635,NULL,'Pieter','Van Compernolle',1980,NULL,'ZTZ/11036/80','ZTZ'),(636,NULL,'Pieter','Claes',1972,NULL,'ZCT/10333/72','ZCT'),(637,NULL,'Pieter','De Baerdemaeker',1977,NULL,'LAQUA/11224/77','LAQUA'),(638,NULL,'Raf','Cornelissen ',1973,NULL,'BRABO/11135/73','BRABO'),(639,NULL,'Raf','Mentens',1972,NULL,'DMB/11058/72','DMB'),(640,NULL,'Rgy','Vandepoorte',1972,NULL,'FAST/11056/72','FAST'),(641,NULL,'Reinhilde','Gauchier',1970,NULL,'FIRST/20645/70','FIRST'),(642,NULL,'Ria','Hens',1977,NULL,'GZVN/21192/77','GZVN'),(643,NULL,'Ria','Van Den Broeck',1960,NULL,'LAQUA/21105/60','LAQUA'),(644,NULL,'Robby','Huysentruyt',1984,NULL,'UZKZ/11115/84','UZKZ'),(645,NULL,'Robert','Riedl',1973,NULL,'ZDKB/11089/73','ZDKB'),(646,NULL,'Robert','Molemans',1968,NULL,'DMB/10288/68','DMB'),(647,NULL,'Robert','Paternoster',1954,NULL,'ZIK/10179/54','ZIK'),(648,NULL,'Robrecht','David',1966,NULL,'LAQUA/11202/66','LAQUA'),(649,NULL,'Roel','van den Berg',1980,NULL,'PZC/11089/80','PZC'),(650,NULL,'Ronny','De Vilder',1973,NULL,'DZO/11053/73','DZO'),(651,NULL,'Ronny','Vannieuwenborgh',1964,NULL,'AZL/11076/64','AZL'),(652,NULL,'Ronny','Van den Bleeken',1973,NULL,'ZBD/10162/73','ZBD'),(653,NULL,'Ronny','Buggenhout',1955,NULL,'ZB/10004/55','ZB'),(654,NULL,'Ronny','Vingerhoets',1969,NULL,'ZN/11058/69','ZN'),(655,NULL,'Ruben','Mertens',1980,NULL,'SHARK/11165/80','SHARK'),(656,NULL,'Rudolf','Van Horen',1963,NULL,'ZNA/10018/63','ZNA'),(657,NULL,'Ruth','De Fraine',1962,NULL,'FIRST/20581/62','FIRST'),(658,NULL,'Ruth','Lantmeeters',1981,NULL,'GZVN/21187/81','GZVN'),(659,NULL,'Saartje','Ovaere',1984,NULL,'UZKZ/21127/84','UZKZ'),(660,NULL,'Saartje','Mens',1978,NULL,'KAZS/21072/78','KAZS'),(661,NULL,'Sabine','Heirbaut',1965,NULL,'AZL/20166/65','AZL'),(662,NULL,'Sabine','Verhofstede',1976,NULL,'GBZ/21082/76','GBZ'),(663,NULL,'Sabrina','Silverans',1986,NULL,'SCSG/21211/86','SCSG'),(664,NULL,'Sadia','Naim ',1973,NULL,'AZV/21049/73','AZV'),(665,NULL,'Sally','Ferwerda',1974,NULL,'ZBD/21007/74','ZBD'),(666,NULL,'Sander','Van Den Hoorn',1977,NULL,'DMB/11111/77','DMB'),(667,NULL,'Sandra','Eeckhoudt',1977,NULL,'ZIOS/21032/77','ZIOS'),(668,NULL,'Sandra','Joije',1973,NULL,'IKZ/21062/73','IKZ'),(669,NULL,'Sandy','Verheyen',1979,NULL,'DMB/21137/79','DMB'),(670,NULL,'Sara','Van Den Eynden',1990,NULL,'BRABO/21424/90','BRABO'),(671,NULL,'Sarafina','Piromallo',1983,NULL,'DBT/21132/83','DBT'),(672,NULL,'Saskia','Horckmans',1972,NULL,'RSCM/20536/72','RSCM'),(673,NULL,'Sepp','Hollevoet',1975,NULL,'TSZ/11045/75','TSZ'),(674,NULL,'Svrine','Adams',1980,NULL,'IKZ/21100/80','IKZ'),(675,NULL,'Sharon','Desplenter',1985,NULL,'IKZ/21151/85','IKZ'),(676,NULL,'Shirley','Vanhaecke',1975,NULL,'ROSC/21132/75','ROSC'),(677,NULL,'Siegfried','Van Brabandt',1977,NULL,'MEGA/11392/77','MEGA'),(678,NULL,'Sigrid','Fruytier',1971,NULL,'BRABO/21421/71','BRABO'),(679,NULL,'Siska','Vergaert',1975,NULL,'MEGA/21176/75','MEGA'),(680,NULL,'Sofie','Goelen',1978,NULL,'MOZKA/21060/78','MOZKA'),(681,NULL,'Sofie','Poelmans',1977,NULL,'MEGA/21211/77','MEGA'),(682,NULL,'Sofie','Verschueren',1977,NULL,'HOZT/21010/77','HOZT'),(683,NULL,'Sofie','Rousseau',1978,NULL,'ZB/21079/78','ZB'),(684,NULL,'Sofie','Janssens',1977,NULL,'KAZS/20213/77','KAZS'),(685,NULL,'Sofie','Devriendt',1981,NULL,'ROSC/21257/81','ROSC'),(686,NULL,'Sofie','De Smedt',1981,NULL,'ALZV/21135/81','ALZV'),(687,NULL,'Sofie','Tydtgat',1980,NULL,'KZK/21048/80','KZK'),(688,NULL,'Sofie','Geerinckx',1978,NULL,'TSZ/21034/78','TSZ'),(689,NULL,'Sonja','Van den Bosch',1960,NULL,'ZVL/20091/60','ZVL'),(690,NULL,'Sonja','Stakenborg',1982,NULL,'LIZV/20027/82','LIZV'),(691,NULL,'Stefaan','Kerkhof',1965,NULL,'ZB/10096/65','ZB'),(692,NULL,'Stefaan','Van den Bossche',1972,NULL,'FAST/11101/72','FAST'),(693,NULL,'Stefaan','Germonpr',1970,NULL,'DDAT/11058/70','DDAT'),(694,NULL,'Stefan','Van de Poel',1968,NULL,'ZCK/12045/68','ZCK'),(695,NULL,'Stefan ','De Brabander',1967,NULL,'IKZ/11072/67','IKZ'),(696,NULL,'Stefan','Mous',1971,NULL,'AZK/10246/71','AZK'),(697,NULL,'Stephanie','Salberter',1981,NULL,'KVZP/21072/81','KVZP'),(698,NULL,'Stephanie','Vandenkeybus',1976,NULL,'STZ/21131/76','STZ'),(699,NULL,'Steven','Sterckx',1980,NULL,'TRUST/11197/80','TRUST'),(700,NULL,'Steven','Vanspauwen',1972,NULL,'HZS/11010/72','HZS'),(701,NULL,'Steven','Mignauw',1978,NULL,'UZKZ/11008/78','UZKZ'),(702,NULL,'Steven','Hermans',1974,NULL,'FIRST/11232/74','FIRST'),(703,NULL,'Steven','Leemans',1969,NULL,'TRUST/11153/69','TRUST'),(704,NULL,'Steven','Defoin',1996,NULL,'STZC/11003/96','STZC'),(705,NULL,'Steven','Vos',1976,NULL,'GZVN/11266/76','GZVN'),(706,NULL,'Steven','Vervaeke',1986,NULL,'ISWIM/11083/86','ISWIM'),(707,NULL,'Stijn','Van Queckelberghe',1977,NULL,'MEGA/11138/77','MEGA'),(708,NULL,'Sven','Vekemans',1971,NULL,'DZO/11005/71','DZO'),(709,NULL,'Sven','Roels',1979,NULL,'MEGA/11177/79','MEGA'),(710,NULL,'Sven ','Jacob',1972,NULL,'ZVL/11004/72','ZVL'),(711,NULL,'Sven','Lieten',1972,NULL,'DBT/11107/72','DBT'),(712,NULL,'Sylvia','Kestens',1966,NULL,'TRUST/21098/66','TRUST'),(713,NULL,'Sylvia','Theys',1976,NULL,'LWB/21077/76','LWB'),(714,NULL,'Sylvie','Engelaere',1968,NULL,'KWZC/21075/68','KWZC'),(715,NULL,'Szilvia','Simon',1970,NULL,'GZVN/21333/70','GZVN'),(716,NULL,'Tamara','Deblieck',1983,NULL,'GZVN/21237/83','GZVN'),(717,NULL,'Tania','Mouton',1977,NULL,'DZO/21110/77','DZO'),(718,NULL,'Tanja','Nell',1974,NULL,'KVZP/21045/74','KVZP'),(719,NULL,'Tanja','De Maesschalck',1976,NULL,'ZCK/22086/76','ZCK'),(720,NULL,'Tarik','Keke',1981,NULL,'ZVL/11075/81','ZVL'),(721,NULL,'Taschenka','van Osta',1971,NULL,'ZS/21121/71','ZS'),(722,NULL,'Thierry','Dolet',1966,NULL,'DBT/11118/66','DBT'),(723,NULL,'Thijs','Van Looveren',1981,NULL,'AZK/11075/81','AZK'),(724,NULL,'Thomas','De Vriese',1979,NULL,'MEGA/11187/79','MEGA'),(725,NULL,'Thomas','van der Spank',1968,NULL,'HOZT/11063/68','HOZT'),(726,NULL,'Tilly','De Keyser',1972,NULL,'STA/21026/72','STA'),(727,NULL,'Tim','Marichal',1973,NULL,'BRABO/10236/73','BRABO'),(728,NULL,'Tim','Marteleur',1972,NULL,'ZCT/11040/72','ZCT'),(729,NULL,'Timmy','Dudek',1977,NULL,'DMB/11170/77','DMB'),(730,NULL,'Timotheus','Boonen',1976,NULL,'FAST/11078/76','FAST'),(731,NULL,'Tine','LAUWERS',1975,NULL,'GOLD/21093/75','GOLD'),(732,NULL,'Tine','Berghmans',1970,NULL,'BRABO/20641/70','BRABO'),(733,NULL,'Tjarko','van Tilburg',1975,NULL,'ZCK/11044/75','ZCK'),(734,NULL,'Tjorven','Detienne',1976,NULL,'HZS/21160/76','HZS'),(735,NULL,'Tom','Piscaer',1981,NULL,'ZCT/11138/81','ZCT'),(736,NULL,'Tom','Anthonissen',1984,NULL,'SWEM/10172/84','SWEM'),(737,NULL,'Tom','Vanhove',1969,NULL,'ZGEEL/11035/69','ZGEEL'),(738,NULL,'Tom','Inthof',1971,NULL,'GZVN/11203/71','GZVN'),(739,NULL,'Tom','Van Nieuwenhuyse',1976,NULL,'ZTZ/11005/76','ZTZ'),(740,NULL,'Tom','Vansteelandt',1978,NULL,'ZCK/12085/78','ZCK'),(741,NULL,'Tom','Meert',1976,NULL,'UZKZ/11130/76','UZKZ'),(742,NULL,'Tom','Thys',1977,NULL,'KAZS/11096/77','KAZS'),(743,NULL,'Tom','Van Nieuwenhuyse',1982,NULL,'STZ/11138/82','STZ'),(744,NULL,'Tom','Kerkhofs',1976,NULL,'DMB/11138/76','DMB'),(745,NULL,'Tom','Debooser',1976,NULL,'KZK/11119/76','KZK'),(746,NULL,'Tom','Bellemans',1975,NULL,'BEST/11083/75','BEST'),(747,NULL,'Tom','Landuyt',1977,NULL,'UZKZ/11102/77','UZKZ'),(748,NULL,'Tom','Segers',1978,NULL,'STZ/11132/78','STZ'),(749,NULL,'Tony','Claeys',1969,NULL,'MEGA/11124/69','MEGA'),(750,NULL,'Tony','HALSBERGHE',1965,NULL,'GOLD/10058/65','GOLD'),(751,NULL,'Toon','Dillen',1982,NULL,'ZGEEL/11132/82','ZGEEL'),(752,NULL,'Toon','Verbeek',1966,NULL,'LWB/10086/66','LWB'),(753,NULL,'Trix','Van Dingenen',1953,NULL,'BRABO/20082/53','BRABO'),(754,NULL,'Trui','Sulmont',1957,NULL,'DIZV/20006/57','DIZV'),(755,NULL,'Ufuk','Baygunes',1977,NULL,'MOZKA/11085/77','MOZKA'),(756,NULL,'Valerie','Stroo',1982,NULL,'MEGA/21362/82','MEGA'),(757,NULL,'Valerie','Catry',1972,NULL,'BZK/21330/72','BZK'),(758,NULL,'Valerie','Verrijken',1981,NULL,'KST/21075/81','KST'),(759,NULL,'VANESSA','WOEDSTAD',1972,NULL,'DDZZ/21007/72','DDZZ'),(760,NULL,'Vanessa','Flasselaers',1983,NULL,'STZ/21018/83','STZ'),(761,NULL,'Vanessa','Vercauteren',1975,NULL,'LZV/21019/75','LZV'),(762,NULL,'Vanessa','Camarate',1983,NULL,'BRABO/21393/83','BRABO'),(763,NULL,'Veerle','Pellens',1977,NULL,'DMB/21171/77','DMB'),(764,NULL,'Veerle','DHaene',1990,NULL,'VZV/21006/90','VZV'),(765,NULL,'Veerle','Vanhaeren',1975,NULL,'GZVN/21239/75','GZVN'),(766,NULL,'Veerle','Jappens',1979,NULL,'AZK/21026/79','AZK'),(767,NULL,'Veerle','Matheussen',1960,NULL,'ZCT/20046/60','ZCT'),(768,NULL,'Veerle','Meylaerts',1978,NULL,'VZV/21042/78','VZV'),(769,NULL,'Veerle','Huygebaert',1969,NULL,'ZOLA/21031/69','ZOLA'),(770,NULL,'Veerle','Vaerewyck',1961,NULL,'STW/21004/61','STW'),(771,NULL,'veerle','vanhoecke',1971,NULL,'DZV/21015/71','DZV'),(772,NULL,'Vera','Van Praet',1983,NULL,'STW/21184/83','STW'),(773,NULL,'Veronique','Decambray',1979,NULL,'UZKZ/21052/79','UZKZ'),(774,NULL,'Veronique','Kirkels',1976,NULL,'LIZV/21023/76','LIZV'),(775,NULL,'Vronique','Moorkens',1976,NULL,'ZOLA/21098/76','ZOLA'),(776,NULL,'Vicky','Legrand',1982,NULL,'UZKZ/21055/82','UZKZ'),(777,NULL,'Vincent','Guillemyn',1976,NULL,'KZK/11015/76','KZK'),(778,NULL,'Vital','Coenegrachts',1960,NULL,'ZCT/10314/60','ZCT'),(779,NULL,'Walter','Vranckx',1965,NULL,'LAQUA/11474/65','LAQUA'),(780,NULL,'Walter','Opdebeeck',1973,NULL,'BRABO/11369/73','BRABO'),(781,NULL,'Ward','Terryn',1980,NULL,'IKZ/11093/80','IKZ'),(782,NULL,'Wendy','Straetemans',1978,NULL,'DMB/21162/78','DMB'),(783,NULL,'Wendy','Van Cleemput',1979,NULL,'STW/21183/79','STW'),(784,NULL,'Wendy','Vanblaere',1971,NULL,'GZVN/21204/71','GZVN'),(785,NULL,'Wendy','Greunlinx',1972,NULL,'DBT/20231/72','DBT'),(786,NULL,'Wendy','Fierens',1976,NULL,'ZGEEL/20204/76','ZGEEL'),(787,NULL,'Wendy','Gabriels',1979,NULL,'AZK/21055/79','AZK'),(788,NULL,'Wendy','Van Looy',1977,NULL,'SHARK/21201/77','SHARK'),(789,NULL,'Wendy','Franckaert',1976,NULL,'STW/21137/76','STW'),(790,NULL,'Wendy','Janssens',1977,NULL,'ZB/21055/77','ZB'),(791,NULL,'Wenke','Mertens',1984,NULL,'WST/21079/84','WST'),(792,NULL,'Werner','Buls',1960,NULL,'VWZ/10139/60','VWZ'),(793,NULL,'Werner','Verbruggen',1974,NULL,'FIRST/11183/74','FIRST'),(794,NULL,'Wilfried','Lieckens ',1972,NULL,'ZN/11012/72','ZN'),(795,NULL,'Wim','Vandendorpe',1970,NULL,'KWZC/11011/70','KWZC'),(796,NULL,'Wim','Deprez',1974,NULL,'TRUST/11103/74','TRUST'),(797,NULL,'Wim','Seevens',1981,NULL,'PZC/11100/81','PZC'),(798,NULL,'Wim','Stevens',1956,NULL,'SCZ/10054/56','SCZ'),(799,NULL,'Wim','Dewever',1977,NULL,'IKZ/11150/77','IKZ'),(800,NULL,'Wim','Sneyers',1978,NULL,'ZN/11009/78','ZN'),(801,NULL,'Wim','Vanmeenen',1976,NULL,'ISWIM/11049/76','ISWIM'),(802,NULL,'Wouter','Spleers',1971,NULL,'FIRST/11112/71','FIRST'),(803,NULL,'Wouter','Vanhauwaert',1978,NULL,'ROSC/11038/78','ROSC'),(804,NULL,'Wouter','VERPLANCKE',1983,NULL,'GOLD/10345/83','GOLD'),(805,NULL,'Wouter','Desmet',1980,NULL,'KLSVZ/11097/80','KLSVZ'),(806,NULL,'Ygo','Scheers',1973,NULL,'LWB/11046/73','LWB'),(807,NULL,'Yves','Blancquaert',1971,NULL,'MEGA/11356/71','MEGA'),(808,NULL,'Yves','Present',1979,NULL,'MEGA/11370/79','MEGA'),(809,NULL,'Yves','Kennis',1969,NULL,'AZV/11037/69','AZV'),(810,NULL,'Yves','Gullentops',1967,NULL,'HZA/11022/67','HZA'),(811,NULL,'Yvonne','Comhair',1973,NULL,'GZVN/21145/73','GZVN'),(812,NULL,'Henry','ADAMS',2010,NULL,NULL,'DIZV'),(813,NULL,'Louise','AERTS',2009,NULL,NULL,'HOZT'),(814,NULL,'Marie','AERTS',2008,NULL,NULL,'HOZT'),(815,NULL,'lvaro','AGTEN VALERIO',2012,NULL,NULL,'ZGEEL'),(816,NULL,'Nicolas','ALECHINE',2009,NULL,NULL,'WN'),(817,NULL,'Lara','ALLEGAERT',2006,NULL,NULL,'FIRST'),(818,NULL,'Mohammed','AMAZIAN',2009,NULL,NULL,'BRABO'),(819,NULL,'Louiz','AMELOOT',2010,NULL,NULL,'MEGA'),(820,NULL,'Inaya','ANQUETIL',2009,NULL,NULL,'GOLD'),(821,NULL,'Camille','ANRAED',2011,NULL,NULL,'ZTB'),(822,NULL,'Lieze','ANSEEUW',2010,NULL,NULL,'MEGA'),(823,NULL,'Luka','ARKESTEIJN',2009,NULL,NULL,'11-001'),(824,NULL,'Nina-Sofia','ARKESTEIJN',2011,NULL,NULL,'11-001'),(825,NULL,'Chlo','ASSCHERICKX',2011,NULL,NULL,'TRUST'),(826,NULL,'Sebastiaan','ASSCHERICKX',2011,NULL,NULL,'TRUST'),(827,NULL,'Manar','AZZA',2010,NULL,NULL,'BRABO'),(828,NULL,'Jarne','BAECKELMANS',2000,NULL,NULL,'RSCM'),(829,NULL,'Stine','BAEKE',2009,NULL,NULL,'MEGA'),(830,NULL,'Leon','BAEYE',2008,NULL,NULL,'MEGA'),(831,NULL,'Siemen','BAEYENS',2009,NULL,NULL,'ZTB'),(832,NULL,'Warre','BAEYENS',2011,NULL,NULL,'ZTB'),(833,NULL,'Yousra','BALAJI',2010,NULL,NULL,'BRABO'),(834,NULL,'Nena','BARRAGAN',2010,NULL,NULL,'DDAT'),(835,NULL,'Jawad','BATIK',2013,NULL,NULL,'CNSN'),(836,NULL,'Nore','BAUM',2008,NULL,NULL,'SCZ'),(837,NULL,'Kaat','BECUWE',2005,NULL,NULL,'ZTB'),(838,NULL,'Daan','BEERNAERT',2010,NULL,NULL,'FIRST'),(839,NULL,'Mlissa','BEGUE',2008,NULL,NULL,'ZGEEL'),(840,NULL,'Milann','BEGUE',2011,NULL,NULL,'ZGEEL'),(841,NULL,'Miya','BEGUE',2006,NULL,NULL,'ZGEEL'),(842,NULL,'Maya','BELLEN',2009,NULL,NULL,'ZORO'),(843,NULL,'Janne','BELLINKX',2006,NULL,NULL,'BRABO'),(844,NULL,'Daan','BERLAMONT',2010,NULL,NULL,'LAQUA'),(845,NULL,'Martha','BERTEN',2005,NULL,NULL,'RSCM'),(846,NULL,'Noor','BHIJA',2008,NULL,NULL,'KWZC'),(847,NULL,'Tariq','BHIJA',2010,NULL,NULL,'KWZC'),(848,NULL,'Yana','BILLEN',2010,NULL,NULL,'STZC'),(849,NULL,'Marie','BITU',2008,NULL,NULL,'BZK'),(850,NULL,'Augustin','BLAMPAIN',2013,NULL,NULL,'WN'),(851,NULL,'Camille','BLANCQUAERT',2012,NULL,NULL,'MEGA'),(852,NULL,'Jules','BLYWEERT',2009,NULL,NULL,'FIRST'),(853,NULL,'Boyan','BOBEV',2010,NULL,NULL,'LAQUA'),(854,NULL,'Anna','BOEYKENS',2008,NULL,NULL,'MEGA'),(855,NULL,'Charlotte','BOEYKENS',2008,NULL,NULL,'MEGA'),(856,NULL,'Briek','BOGAERT',2007,NULL,NULL,'FIRST'),(857,NULL,'Asha','BOGAERTS',2004,NULL,NULL,'SCZ'),(858,NULL,'Neo','BOGAERTS',2008,NULL,NULL,'SCZ'),(859,NULL,'Sander','BOGAERTS',2012,NULL,NULL,'MEGA'),(860,NULL,'Thijs','BOGAERTS',2009,NULL,NULL,'MEGA'),(861,NULL,'XENA','BOGAERTS',2011,NULL,NULL,'SCZ'),(862,NULL,'Andrei','BONDAR',2007,NULL,NULL,'CNSN'),(863,NULL,'Birte','BOON',2007,NULL,NULL,'LAQUA'),(864,NULL,'Fabian','BOONEN',2001,NULL,NULL,'BRABO'),(865,NULL,'Lore','BORGHS',2010,NULL,NULL,'ZGEEL'),(866,NULL,'Lars','BOUCKAERT',2012,NULL,NULL,'ZTZ'),(867,NULL,'Ilyas','BOUDCHICH',2002,NULL,NULL,'MEGA'),(868,NULL,'Samuel','BOVE',2009,NULL,NULL,'SCZ'),(869,NULL,'Alice','BOXHO',2009,NULL,NULL,'ZORO'),(870,NULL,'Valentine','BOXHO',2011,NULL,NULL,'ZORO'),(871,NULL,'Yasemin','BRAVO',2009,NULL,NULL,'ZVW'),(872,NULL,'Niels','BREBELS',2011,NULL,NULL,'WST'),(873,NULL,'Norah','BROCH',2007,NULL,NULL,'KWZC'),(874,NULL,'Yara','BRUGGEMAN',2006,NULL,NULL,'SWEM'),(875,NULL,'Serena','BRUGMAN',2008,NULL,NULL,'KAZS'),(876,NULL,'Emilie','BRUNEE',2010,NULL,NULL,'HELIOS'),(877,NULL,'Jules','BRUNEE',2008,NULL,NULL,'HELIOS'),(878,NULL,'Emma','BRYS',2006,NULL,NULL,'ROSC'),(879,NULL,'Lena','BUGGENHOUDT',2012,NULL,NULL,'DDAT'),(880,NULL,'Emma','BURSSENS',2011,NULL,NULL,'LAQUA'),(881,NULL,'Arsene','CAHUET',2012,NULL,NULL,'WN'),(882,NULL,'Eben','CALLEWAERT',2012,NULL,NULL,'BZK'),(883,NULL,'Lucas','CALLEWAERT',2006,NULL,NULL,'ZORO'),(884,NULL,'Emiel','CARIS',2009,NULL,NULL,'ZTZ'),(885,NULL,'Louise','CARIS',2008,NULL,NULL,'ZTZ'),(886,NULL,'Marthe','CARIS',2010,NULL,NULL,'ZTZ'),(887,NULL,'Sander','CAROEN',2005,NULL,NULL,'ROSC'),(888,NULL,'Luis','CARRASCO CUESTA',2012,NULL,NULL,'SCZ'),(889,NULL,'Lena','CEULEMANS',2012,NULL,NULL,'BRABO'),(890,NULL,'Lucas','CHRISTIAENS',2013,NULL,NULL,'TZT'),(891,NULL,'Stijn','CHRISTIAENS',2006,NULL,NULL,'TZT'),(892,NULL,'Anastasia','CIOBANU',2009,NULL,NULL,'DDAT'),(893,NULL,'Mihail','CIRLIG',2008,NULL,NULL,'CNSN'),(894,NULL,'Alessia','CLAASSEN',2004,NULL,NULL,'AZV'),(895,NULL,'Ilario','CLAASSEN',2007,NULL,NULL,'AZV'),(896,NULL,'Bas','CLAERHOUT',2008,NULL,NULL,'ZTB'),(897,NULL,'Wolf','CLAERHOUT',2009,NULL,NULL,'ZTB'),(898,NULL,'Elian','CLAES',2010,NULL,NULL,'DDAT'),(899,NULL,'Tiebe','CLAES',2013,NULL,NULL,'DDAT'),(900,NULL,'Sarah','CLAESEN',2013,NULL,NULL,'TRUST'),(901,NULL,'Amlie','CLAEYS',2010,NULL,NULL,'MEGA'),(902,NULL,'Ditte','CLAEYS',2010,NULL,NULL,'DMI'),(903,NULL,'Mauro','CLAEYS',2008,NULL,NULL,'ROSC'),(904,NULL,'Thomas','CLERCKX',2012,NULL,NULL,'AZV'),(905,NULL,'Mathis','CLOCKAERTS',2009,NULL,NULL,'BRABO'),(906,NULL,'Amalia','COCO',2014,NULL,NULL,'HELIOS'),(907,NULL,'Jolien','COEKAERTS',2005,NULL,NULL,'RSCM'),(908,NULL,'Remco','COENEN',2003,NULL,NULL,'STZC'),(909,NULL,'Amilia','COESEMANS',2008,NULL,NULL,'ZGEEL'),(910,NULL,'Lo','COJAN',2012,NULL,NULL,'CNSN'),(911,NULL,'Julie','COLPAERT',2011,NULL,NULL,'SWEM'),(912,NULL,'Emely','COOMANS',2007,NULL,NULL,'DMB'),(913,NULL,'Jack','COPPENS',2010,NULL,NULL,'SCZ'),(914,NULL,'Nand','COPPENS',2013,NULL,NULL,'ZVW'),(915,NULL,'Dorian','COQUILLAT',2007,NULL,NULL,'WN'),(916,NULL,'Mille','CORNELIS',2008,NULL,NULL,'HOZT'),(917,NULL,'Maylie','CORNEZ',2010,NULL,NULL,'BRABO'),(918,NULL,'Yarne','COUTANT',2008,NULL,NULL,'MEGA'),(919,NULL,'Fred','COUVREUR',2012,NULL,NULL,'HOZT'),(920,NULL,'Lore','COWIE',2011,NULL,NULL,'SWEM'),(921,NULL,'Klara','CUSTERS',2007,NULL,NULL,'LAQUA'),(922,NULL,'Lilah','DA SILVA CAMARATE',2008,NULL,NULL,'BRABO'),(923,NULL,'Juul','DAEMEN',2010,NULL,NULL,'DMB'),(924,NULL,'Tuur','DAEMEN',2008,NULL,NULL,'DMB'),(925,NULL,'Liena','DANHIEUX',2008,NULL,NULL,'ZORO'),(926,NULL,'Tibe','DANHIEUX',2006,NULL,NULL,'ZORO'),(927,NULL,'Nina','DARRAS',2011,NULL,NULL,'TZT'),(928,NULL,'Paulien','DE BAERDEMAEKER',2008,NULL,NULL,'LAQUA'),(929,NULL,'Mauro','DE BAL SUIJS',2011,NULL,NULL,'MEGA'),(930,NULL,'Rico','DE BAL SUIJS',2009,NULL,NULL,'MEGA'),(931,NULL,'Aurlien','DE BECKER',2010,NULL,NULL,'WN'),(932,NULL,'Aurore','DE BECKER',2007,NULL,NULL,'WN'),(933,NULL,'Kato','DE BELDER',2012,NULL,NULL,'DMB'),(934,NULL,'Valentine','DE BEYS',2008,NULL,NULL,'WN'),(935,NULL,'Daan','DE BIE',2012,NULL,NULL,'FIRST'),(936,NULL,'Aude','DE BOCK',2011,NULL,NULL,'FIRST'),(937,NULL,'Daan','DE BODT',2008,NULL,NULL,'BRABO'),(938,NULL,'Sam','DE BONT',2008,NULL,NULL,'HOZT'),(939,NULL,'Chlo','DE BRUYCKER',2011,NULL,NULL,'TZT'),(940,NULL,'Sander','DE BRUYNE',2013,NULL,NULL,'GOLD'),(941,NULL,'Silke','DE BRUYNE',2011,NULL,NULL,'GOLD'),(942,NULL,'Do','DE CAT',2010,NULL,NULL,'KAZS'),(943,NULL,'Hanne','DE CLOET',2006,NULL,NULL,'DDZZ'),(944,NULL,'Alix','DE CORTE',2009,NULL,NULL,'ZORO'),(945,NULL,'Mats','DE CUBBER',2005,NULL,NULL,'MEGA'),(946,NULL,'Febe','DE DECKER',2010,NULL,NULL,'MEGA'),(947,NULL,'Tibe','DE DECKER',2011,NULL,NULL,'MEGA'),(948,NULL,'Timon','DE GROOTE',2012,NULL,NULL,'ZVW'),(949,NULL,'Ulrike','DE GROOTE',2009,NULL,NULL,'ZVW'),(950,NULL,'Lot','DE HEYDER',2002,NULL,NULL,'MEGA'),(951,NULL,'Stan','DE JONG',2010,NULL,NULL,'ZALM'),(952,NULL,'Suzan','DE JONG',2013,NULL,NULL,'ZALM'),(953,NULL,'Lucas','DE KESEL',2009,NULL,NULL,'MEGA'),(954,NULL,'Tibo','DE KIMPE',2006,NULL,NULL,'DZO'),(955,NULL,'Ruben','DE KONING',2007,NULL,NULL,'BRABO'),(956,NULL,'Gisle','DE LAERE',2010,NULL,NULL,'BZK'),(957,NULL,'Sofie','DE LETTER',2010,NULL,NULL,'HOZT'),(958,NULL,'Elena','DE MAEIJER',2011,NULL,NULL,'SWEM'),(959,NULL,'Bill','DE MAERSCHALCK',2009,NULL,NULL,'RSCM'),(960,NULL,'Ella','DE MAERSCHALCK',2007,NULL,NULL,'RSCM'),(961,NULL,'Nora','DE MAEYER',2006,NULL,NULL,'MEGA'),(962,NULL,'Xander','DE MEESTER',2006,NULL,NULL,'KWZC'),(963,NULL,'Maxime','DE MOOR',2009,NULL,NULL,'GOLD'),(964,NULL,'Tom','DE MUL',2005,NULL,NULL,'MEGA'),(965,NULL,'Niobe','DE RIDDER',2009,NULL,NULL,'BRABO'),(966,NULL,'Elise','DE RUIJTER',2010,NULL,NULL,'MEGA'),(967,NULL,'Kenza','DE SMAELE',2010,NULL,NULL,'FIRST'),(968,NULL,'Keyon','DE SMAELE',2008,NULL,NULL,'FIRST'),(969,NULL,'Jesse','DE SMEDT',2000,NULL,NULL,'BRABO'),(970,NULL,'Marco','DE TAEYE',2010,NULL,NULL,'DDAT'),(971,NULL,'Robbe','DE VOS',2009,NULL,NULL,'AZV'),(972,NULL,'Julie','DE VREESE',2012,NULL,NULL,'MEGA'),(973,NULL,'Daan','DE WILDE',2008,NULL,NULL,'DDAT'),(974,NULL,'Lore','DE WILDE',2011,NULL,NULL,'DIZV'),(975,NULL,'Margot','DE WILDE',2013,NULL,NULL,'DIZV'),(976,NULL,'Yarno','DE WINTER',2006,NULL,NULL,'BRABO'),(977,NULL,'Elias','DEBBAUT',2010,NULL,NULL,'MEGA'),(978,NULL,'Arnaud','DEBECKER',2009,NULL,NULL,'DMI'),(979,NULL,'Charlotte','DEBECKER',2008,NULL,NULL,'DMI'),(980,NULL,'Matheo','DEBECKER',2011,NULL,NULL,'DMI'),(981,NULL,'Thomas','DEBECKER',2004,NULL,NULL,'DMI'),(982,NULL,'Nils','DEBEN',2010,NULL,NULL,'ZGEEL'),(983,NULL,'Mathis','DEBLAUWE',2007,NULL,NULL,'ROSC'),(984,NULL,'Thomas','DEBLAUWE',2009,NULL,NULL,'ROSC'),(985,NULL,'Emma','DECEUNINCK',2013,NULL,NULL,'TZT'),(986,NULL,'Maite','DECKERS',2006,NULL,NULL,'DMB'),(987,NULL,'Lukas','DECLERCK',2011,NULL,NULL,'TZT'),(988,NULL,'Simon','DECLERCK',2009,NULL,NULL,'TZT'),(989,NULL,'Mick','DECLERCQ',2008,NULL,NULL,'BRABO'),(990,NULL,'Sterre','DECONYNCK',2009,NULL,NULL,'TRUST'),(991,NULL,'Fran','DECRUYNAERE',2012,NULL,NULL,'BZK'),(992,NULL,'Hasse','DEKEYSER',2011,NULL,NULL,'ROSC'),(993,NULL,'Norah','DEKEYSER',2013,NULL,NULL,'ROSC'),(994,NULL,'Aiko','DELDICQUE',2008,NULL,NULL,'ZORO'),(995,NULL,'Kobe','DELEN',2005,NULL,NULL,'KAZS'),(996,NULL,'Emma','DELEPLANQUE',2008,NULL,NULL,'HELIOS'),(997,NULL,'Erin','DELEPLANQUE',2012,NULL,NULL,'HELIOS'),(998,NULL,'Aaron','DELRUE',2009,NULL,NULL,'DMI'),(999,NULL,'Alexander','DELRUE',2006,NULL,NULL,'DMI'),(1000,NULL,'Alyzee','DELRUE',2010,NULL,NULL,'DMI'),(1001,NULL,'Anas','DELRUE',2008,NULL,NULL,'DMI'),(1002,NULL,'Arne','DELRUE',2012,NULL,NULL,'DMI'),(1003,NULL,'Aure','DELRUE',2012,NULL,NULL,'DMI'),(1004,NULL,'Thor','DEMEY',2012,NULL,NULL,'KAZS'),(1005,NULL,'Tindra','DEMEY',2008,NULL,NULL,'KAZS'),(1006,NULL,'Arnaud','DEN BAES',2012,NULL,NULL,'BZK'),(1007,NULL,'Elise','DEN BAES',2010,NULL,NULL,'BZK'),(1008,NULL,'Elize','DEPAEPE',2011,NULL,NULL,'ROSC'),(1009,NULL,'Lana','DEPAEPE',2009,NULL,NULL,'KWZC'),(1010,NULL,'Xander','DEPAEPE',2006,NULL,NULL,'KWZC'),(1011,NULL,'Felien','DEPLOIGE',2013,NULL,NULL,'TRUST'),(1012,NULL,'Lore','DEPLOIGE',2010,NULL,NULL,'TRUST'),(1013,NULL,'Nette','DEPONDT-VELTER',2009,NULL,NULL,'ROSC'),(1014,NULL,'Tille','DEPONDT-VELTER',2009,NULL,NULL,'ROSC'),(1015,NULL,'Indy','DEPRAETERE',2013,NULL,NULL,'GOLD'),(1016,NULL,'Mathias','DERAEMAECKER',2012,NULL,NULL,'LAQUA'),(1017,NULL,'Laura','DERIJCKE',2010,NULL,NULL,'DIZV'),(1018,NULL,'Leon','DESANTE',2013,NULL,NULL,'TZT'),(1019,NULL,'Silke','DESCAMPS',2007,NULL,NULL,'DZO'),(1020,NULL,'Camille','DESCHEEMAECKER',2009,NULL,NULL,'ZORO'),(1021,NULL,'Fien','DESMET',2008,NULL,NULL,'TZT'),(1022,NULL,'Leendert','DESMET',2006,NULL,NULL,'TZT'),(1023,NULL,'Lieze','DESMET',2010,NULL,NULL,'TZT'),(1024,NULL,'Manon','DESMET',2006,NULL,NULL,'KWZC'),(1025,NULL,'Milan','DESMET',2003,NULL,NULL,'KWZC'),(1026,NULL,'Laurann','DESPEGHEL',2007,NULL,NULL,'BZK'),(1027,NULL,'Febe','DEVLIEGHE',2011,NULL,NULL,'MEGA'),(1028,NULL,'Mathis','DEVOS',2012,NULL,NULL,'ROSC'),(1029,NULL,'Rhune','DEVOS',2009,NULL,NULL,'ROSC'),(1030,NULL,'Jonathan','DEVRIESE',2008,NULL,NULL,'BZK'),(1031,NULL,'Nicolas','DEVUE',2012,NULL,NULL,'KAZS'),(1032,NULL,'Rosalie','DEVUE',2013,NULL,NULL,'KAZS'),(1033,NULL,'Oona','DEVUYST',2013,NULL,NULL,'BZK'),(1034,NULL,'Analle','DEWEERD',2006,NULL,NULL,'ROSC'),(1035,NULL,'Chlo','DEWYN',2007,NULL,NULL,'KAZS'),(1036,NULL,'Briek','DHAESELEER',2007,NULL,NULL,'DMI'),(1037,NULL,'Fran','DHAESELEER',2010,NULL,NULL,'DMI'),(1038,NULL,'Elina','DHOOGHE',2008,NULL,NULL,'MEGA'),(1039,NULL,'Katia','DHOOGHE',2007,NULL,NULL,'BRABO'),(1040,NULL,'Oscar','DIERICK',2011,NULL,NULL,'LAQUA'),(1041,NULL,'Finn','DILLEN',2012,NULL,NULL,'ZGEEL'),(1042,NULL,'Luan','DORCHAIN',2011,NULL,NULL,'ROSC'),(1043,NULL,'Maria','DORCHAIN',2009,NULL,NULL,'ROSC'),(1044,NULL,'Klaas','DRIES',2007,NULL,NULL,'ZGEEL'),(1045,NULL,'Sien','DRIES',2007,NULL,NULL,'ZGEEL'),(1046,NULL,'Mauro','DRUWEL',2008,NULL,NULL,'ZTB'),(1047,NULL,'Nora','DRUWEL',2011,NULL,NULL,'ZTB'),(1048,NULL,'Noah','DUBOIS',2013,NULL,NULL,'CNSN'),(1049,NULL,'Ilan','DUMON',2011,NULL,NULL,'LAQUA'),(1050,NULL,'Mila','DUMONT',2009,NULL,NULL,'MEGA'),(1051,NULL,'Andreas','DUTR',2006,NULL,NULL,'BZK'),(1052,NULL,'Nora','DYRNES',2010,NULL,NULL,'SCZ'),(1053,NULL,'Maja','DYS',2009,NULL,NULL,'CNSN'),(1054,NULL,'La-Lyne','EDOU',2011,NULL,NULL,'WN'),(1055,NULL,'Floor','EECKHOUT',2008,NULL,NULL,'BZK'),(1056,NULL,'Mohamed','EL KASMI',2006,NULL,NULL,'BRABO'),(1057,NULL,'Hatim','EL MARGOUM',2007,NULL,NULL,'CNSN'),(1058,NULL,'Ins','EL MARGOUM',2010,NULL,NULL,'CNSN'),(1059,NULL,'Dina','EL MOUSSAOUI',2011,NULL,NULL,'CNSN'),(1060,NULL,'Mayssane','EL MOUSSAOUI',2013,NULL,NULL,'CNSN'),(1061,NULL,'Lise','ENDELS',2007,NULL,NULL,'ZORO'),(1062,NULL,'Diego','ERAUW',2004,NULL,NULL,'ZVW'),(1063,NULL,'Leandro','ERAUW',2009,NULL,NULL,'ZVW'),(1064,NULL,'Felix','EUGENE',2007,NULL,NULL,'ZORO'),(1065,NULL,'Mats','EVENS',2010,NULL,NULL,'DMB'),(1066,NULL,'Vince','EVENS',2011,NULL,NULL,'DMB'),(1067,NULL,'Aya','FATIH',2007,NULL,NULL,'BRABO'),(1068,NULL,'Jeroen','FEYAERTS',2013,NULL,NULL,'TRUST'),(1069,NULL,'Van Landeghem','FIEBE',2005,NULL,NULL,'SWEM'),(1070,NULL,'Ena','FIERS',2007,NULL,NULL,'ZTB'),(1071,NULL,'Vlada','FILIMONOV',2010,NULL,NULL,'SWEM'),(1072,NULL,'Alexia','FIQI',2010,NULL,NULL,'WST'),(1073,NULL,'Chlo','FONTAINE',2009,NULL,NULL,'WN'),(1074,NULL,'Lieze','FOR',2008,NULL,NULL,'MEGA'),(1075,NULL,'Tijs','FRANOIS',2008,NULL,NULL,'TZT'),(1076,NULL,'Wout','FRANOIS',2007,NULL,NULL,'TZT'),(1077,NULL,'Lauris','GALLE',2011,NULL,NULL,'ZTB'),(1078,NULL,'Janne','GANTOIS',2011,NULL,NULL,'BZK'),(1079,NULL,'Staf','GANTOIS',2012,NULL,NULL,'BZK'),(1080,NULL,'Augustas','GAVENAS',2010,NULL,NULL,'SCZ'),(1081,NULL,'Lien','GEEROMS',2007,NULL,NULL,'SCZ'),(1082,NULL,'Bjorn','GELADI',2009,NULL,NULL,'TRUST'),(1083,NULL,'la','GENBRUGGE',2010,NULL,NULL,'BRABO'),(1084,NULL,'Carys','GERARD',2011,NULL,NULL,'KAZS'),(1085,NULL,'Mateo','GHIJSEN',2006,NULL,NULL,'WST'),(1086,NULL,'Annabel','GHILLEBERT',2012,NULL,NULL,'ROSC'),(1087,NULL,'Hannelore','GHILLEBERT',2009,NULL,NULL,'ROSC'),(1088,NULL,'Aaron','GILLET',2010,NULL,NULL,'MEGA'),(1089,NULL,'Jolan','GILLET',2009,NULL,NULL,'MEGA'),(1090,NULL,'Febe','GINKELS',2012,NULL,NULL,'LAQUA'),(1091,NULL,'Robbe','GINKELS',2014,NULL,NULL,'LAQUA'),(1092,NULL,'Ada','GLINKA',2008,NULL,NULL,'WN'),(1093,NULL,'Lies','GOBERT',2005,NULL,NULL,'MEGA'),(1094,NULL,'Louise','GOOSSENS',2010,NULL,NULL,'HELIOS'),(1095,NULL,'Jil','GRAHAM',2006,NULL,NULL,'HOZT'),(1096,NULL,'Anas','GRIES',2009,NULL,NULL,'WN'),(1097,NULL,'Malo','GUERN',2006,NULL,NULL,'WN'),(1098,NULL,'Max','GYULNAZARYAN',2011,NULL,NULL,'WST'),(1099,NULL,'Taysir','HADJ FRADJ',2010,NULL,NULL,'MEGA'),(1100,NULL,'Yoran','HAEGEMAN',2006,NULL,NULL,'FIRST'),(1101,NULL,'Yuna','HAENTJENS',2006,NULL,NULL,'SWEM'),(1102,NULL,'Adriaan','HAESEN',2007,NULL,NULL,'RSCM'),(1103,NULL,'Jarne','HAESENDONCKX',2008,NULL,NULL,'ZGEEL'),(1104,NULL,'Hanne','HAEZEBROUCK',2011,NULL,NULL,'DIZV'),(1105,NULL,'Amber','HANNES',2009,NULL,NULL,'AZV'),(1106,NULL,'Quinten','HANNES',2007,NULL,NULL,'AZV'),(1107,NULL,'Nanoe','HAUTEKIET',2011,NULL,NULL,'BZK'),(1108,NULL,'Xander','HEBB',2003,NULL,NULL,'ROSC'),(1109,NULL,'Ruben','HEBBELINCK',2009,NULL,NULL,'ZORO'),(1110,NULL,'Olivia','HEIJL',2007,NULL,NULL,'MEGA'),(1111,NULL,'Eben','HEMELSOET',2008,NULL,NULL,'DDZZ'),(1112,NULL,'Aidan','HERMAN',2005,NULL,NULL,'MEGA'),(1113,NULL,'Elena','HERMANS',2006,NULL,NULL,'FIRST'),(1114,NULL,'Tigo','HEYRMAN',2003,NULL,NULL,'BRABO'),(1115,NULL,'Otis','HOFMAN',2011,NULL,NULL,'DZO'),(1116,NULL,'Noa','HOLLEBOSCH',2007,NULL,NULL,'MEGA'),(1117,NULL,'Pauline','HOLLEVOET',2006,NULL,NULL,'DMI'),(1118,NULL,'Korneel','HOUSEN',2009,NULL,NULL,'TZT'),(1119,NULL,'Briek','HUENS',2013,NULL,NULL,'MEGA'),(1120,NULL,'Noor','HUENS',2009,NULL,NULL,'MEGA'),(1121,NULL,'Warre','HUENS',2010,NULL,NULL,'MEGA'),(1122,NULL,'Jolien','HUYBREGTS',2009,NULL,NULL,'DMB'),(1123,NULL,'Jules','IDE',2011,NULL,NULL,'ZTB'),(1124,NULL,'Daan','IGODT',2006,NULL,NULL,'ZTB'),(1125,NULL,'Clara','IMANDT',2013,NULL,NULL,'MEGA'),(1126,NULL,'Lotte','IWENS',2007,NULL,NULL,'BRABO'),(1127,NULL,'Casper','JACOBS',2012,NULL,NULL,'HOZT'),(1128,NULL,'Jul','JACOBS',2014,NULL,NULL,'HOZT'),(1129,NULL,'Kobe','JACQUEMYNS',2013,NULL,NULL,'DDAT'),(1130,NULL,'Kamiel','JAMAR',2012,NULL,NULL,'STZC'),(1131,NULL,'Alexandre','JANSSENS',2005,NULL,NULL,'WN'),(1132,NULL,'Arthur','JANSSENS',2007,NULL,NULL,'WN'),(1133,NULL,'Jaron','JANSSENS',2009,NULL,NULL,'DDAT'),(1134,NULL,'Jelena','JANSSENS',2005,NULL,NULL,'DDAT'),(1135,NULL,'Noah','JANSSENS',2006,NULL,NULL,'DZO'),(1136,NULL,'Renzo','JANSSENS',2002,NULL,NULL,'BRABO'),(1137,NULL,'Soetkin','JANSSENS',1997,NULL,NULL,'ZORO'),(1138,NULL,'Talle','JANSSENS',2010,NULL,NULL,'WST'),(1139,NULL,'Mohammed','JELTI',2011,NULL,NULL,'CNSN'),(1140,NULL,'Thodore','JOCHMANS',2011,NULL,NULL,'WN'),(1141,NULL,'Emile','JONCKHEERE',2007,NULL,NULL,'DMI'),(1142,NULL,'Lore','JORISKES',2012,NULL,NULL,'DMB'),(1143,NULL,'Lola','JOVANOVIC',2009,NULL,NULL,'WN'),(1144,NULL,'Elise','JUNGBLUTH',2009,NULL,NULL,'ROSC'),(1145,NULL,'Tibo','KEISERS',2009,NULL,NULL,'AZV'),(1146,NULL,'Sterre','KENIS',2014,NULL,NULL,'HOZT'),(1147,NULL,'Kaat','KERKHOFS',2011,NULL,NULL,'DMB'),(1148,NULL,'Arne','KEUSTERMANS',2006,NULL,NULL,'HOZT'),(1149,NULL,'Lard','KEUSTERMANS',2011,NULL,NULL,'HOZT'),(1150,NULL,'Mirte','KEUSTERMANS',2006,NULL,NULL,'HOZT'),(1151,NULL,'Sebe','KINAUPENNE',2013,NULL,NULL,'ZVW'),(1152,NULL,'Levi','KINDT',2007,NULL,NULL,'TZT'),(1153,NULL,'Liam','KINDT',2010,NULL,NULL,'TZT'),(1154,NULL,'Ernest','KINO',2007,NULL,NULL,'KWZC'),(1155,NULL,'Henri','KOCKX',2006,NULL,NULL,'MEGA'),(1156,NULL,'Nore','KOTOWSKI',2009,NULL,NULL,'KWZC'),(1157,NULL,'Jerme','LAFAUT',2011,NULL,NULL,'MEGA'),(1158,NULL,'Leon','LAFAUT',2008,NULL,NULL,'MEGA'),(1159,NULL,'Laure','LAMBERT',2012,NULL,NULL,'ZTZ'),(1160,NULL,'Liam','LAMBERT',2010,NULL,NULL,'ZTZ'),(1161,NULL,'Loes','LAMBRECHTS',2011,NULL,NULL,'AZV'),(1162,NULL,'Louise','LAMMENS',2008,NULL,NULL,'TZT'),(1163,NULL,'Mary','LAMMENS',2011,NULL,NULL,'TZT'),(1164,NULL,'Seppe','LAMMENS',2007,NULL,NULL,'UZKZ'),(1165,NULL,'Olivier','LAMPO',2006,NULL,NULL,'BRABO'),(1166,NULL,'Anna-Lucia','LANDUYT',2008,NULL,NULL,'ZTZ'),(1167,NULL,'Maurice','LANDUYT',2010,NULL,NULL,'ZTB'),(1168,NULL,'Mare','LANGEROCK',2011,NULL,NULL,'FIRST'),(1169,NULL,'Cas','LANNOY',2007,NULL,NULL,'MEGA'),(1170,NULL,'Delphine','LARMUSEAU',2007,NULL,NULL,'MEGA'),(1171,NULL,'Brent','LATTE',2010,NULL,NULL,'KWZC'),(1172,NULL,'Milan','LAUREYS',2010,NULL,NULL,'WST'),(1173,NULL,'Xante','LAUREYS',2010,NULL,NULL,'WST'),(1174,NULL,'Sien','LAZEROMS',2012,NULL,NULL,'BRABO'),(1175,NULL,'Giulia','LE GUILLOU',2010,NULL,NULL,'WN'),(1176,NULL,'La','LECHIFFLARD',2009,NULL,NULL,'CNSN'),(1177,NULL,'Elin','LECLERCQ',2011,NULL,NULL,'HELIOS'),(1178,NULL,'Amlie','LEFEVRE',2012,NULL,NULL,'ZTZ'),(1179,NULL,'Febe','LEMMENS',2011,NULL,NULL,'WST'),(1180,NULL,'Luca','LEMMENS',2013,NULL,NULL,'TRUST'),(1181,NULL,'Noah','LEMMENS',2010,NULL,NULL,'AZV'),(1182,NULL,'Rune','LEMMENS',2005,NULL,NULL,'DMB'),(1183,NULL,'Amelie','LEPAGE',2010,NULL,NULL,'BRABO'),(1184,NULL,'Wout','LEROUX',2004,NULL,NULL,'MEGA'),(1185,NULL,'Leyna','LETELLIER',2013,NULL,NULL,'HELIOS'),(1186,NULL,'Maarten','LIBIN',1992,NULL,NULL,'ROSC'),(1187,NULL,'Tiebe','LIEVENS',2010,NULL,NULL,'FIRST'),(1188,NULL,'Jutta','LIMPENS',2006,NULL,NULL,'FIRST'),(1189,NULL,'Elloise','LINSKENS',2011,NULL,NULL,'TZT'),(1190,NULL,'Tuur','LISSENS',2010,NULL,NULL,'LAQUA'),(1191,NULL,'Ewout','LOEYS',2010,NULL,NULL,'MEGA'),(1192,NULL,'Thuline','LOONES',2000,NULL,NULL,'MEGA'),(1193,NULL,'Maxine','LOYEZ',2009,NULL,NULL,'BRABO'),(1194,NULL,'Joey','LUYCKX',2010,NULL,NULL,'WN'),(1195,NULL,'Thibault','LYCKE',2011,NULL,NULL,'ZTB'),(1196,NULL,'Erik','MAASKANT',2007,NULL,NULL,'SCZ'),(1197,NULL,'Kristina','MAASKANT',2010,NULL,NULL,'SCZ'),(1198,NULL,'Alos','MACHER',2006,NULL,NULL,'WN'),(1199,NULL,'Florine','MACHER',2007,NULL,NULL,'WN'),(1200,NULL,'Gaspard','MACHER',2009,NULL,NULL,'WN'),(1201,NULL,'Lore','MACHIELS',2012,NULL,NULL,'STZC'),(1202,NULL,'Imke','MAENE',2012,NULL,NULL,'ROSC'),(1203,NULL,'Briek','MAES',2007,NULL,NULL,'TZT'),(1204,NULL,'Julie','MAES',2010,NULL,NULL,'ZGEEL'),(1205,NULL,'Julie','MAES',2012,NULL,NULL,'TRUST'),(1206,NULL,'Kaat','MAES',2009,NULL,NULL,'TZT'),(1207,NULL,'Mathijs','MAES',2014,NULL,NULL,'ZGEEL'),(1208,NULL,'Yoran','MAES',2008,NULL,NULL,'TRUST'),(1209,NULL,'Enzo','MAIER',2011,NULL,NULL,'SCZ'),(1210,NULL,'Ismal','MAMOUN',2012,NULL,NULL,'CNSN'),(1211,NULL,'Lore','MARCKX',2009,NULL,NULL,'BRABO'),(1212,NULL,'Bas','MARINUS',2010,NULL,NULL,'ZALM'),(1213,NULL,'Iona','MARTENS',2009,NULL,NULL,'BZK'),(1214,NULL,'Charline','MASSCHELEIN',2010,NULL,NULL,'WN'),(1215,NULL,'Sophie','MASSCHELEIN',2013,NULL,NULL,'WN'),(1216,NULL,'Laurenz','MATTHIJS',2004,NULL,NULL,'SCZ'),(1217,NULL,'Ana','MEDELEANU',2006,NULL,NULL,'ZORO'),(1218,NULL,'Lorelien','MEDLAND',2010,NULL,NULL,'LAQUA'),(1219,NULL,'Kira','MEERTS',2007,NULL,NULL,'WST'),(1220,NULL,'Brent','MEES',2003,NULL,NULL,'SCZ'),(1221,NULL,'Ruben','MEES',2006,NULL,NULL,'SCZ'),(1222,NULL,'Dida','MEEUS',2009,NULL,NULL,'ZGEEL'),(1223,NULL,'Febe','MEEUS',2007,NULL,NULL,'ZGEEL'),(1224,NULL,'Korydwen','MENAGER',2012,NULL,NULL,'HELIOS'),(1225,NULL,'Mawenn','MENAGER',2010,NULL,NULL,'HELIOS'),(1226,NULL,'Mathys','MEREMANS',2010,NULL,NULL,'LAQUA'),(1227,NULL,'Noah','MERGEAY',2008,NULL,NULL,'TRUST'),(1228,NULL,'Olivia','MERGEAY',2009,NULL,NULL,'TRUST'),(1229,NULL,'Hanne','MESTDAGH',2005,NULL,NULL,'BZK'),(1230,NULL,'Laure','MESTDAGH',2011,NULL,NULL,'BZK'),(1231,NULL,'Nore','MEULEMEESTER',2011,NULL,NULL,'TZT'),(1232,NULL,'Kyana','MEURISSE',2010,NULL,NULL,'GOLD'),(1233,NULL,'Lina','MEURRENS',2012,NULL,NULL,'KAZS'),(1234,NULL,'Jobbe','MEURS',2013,NULL,NULL,'ZGEEL'),(1235,NULL,'Louise','MEYSMANS',2007,NULL,NULL,'RSCM'),(1236,NULL,'Valentine','MICHAUX',2007,NULL,NULL,'HELIOS'),(1237,NULL,'Linus','MICHELS',2012,NULL,NULL,'BRABO'),(1238,NULL,'Noor','MICHIELSEN',2009,NULL,NULL,'AZV'),(1239,NULL,'Quinten','MICHOEL',2009,NULL,NULL,'ZGEEL'),(1240,NULL,'Sophie','MINE',2011,NULL,NULL,'WN'),(1241,NULL,'Esteban','MOLINA FUEYO',2012,NULL,NULL,'WN'),(1242,NULL,'Marisa','MOLINA FUEYO',2010,NULL,NULL,'WN'),(1243,NULL,'Nina','MOREELS',2006,NULL,NULL,'BRABO'),(1244,NULL,'Tiemo','MOULAERT',2009,NULL,NULL,'DDAT'),(1245,NULL,'Tess','MOXHET',2013,NULL,NULL,'DIZV'),(1246,NULL,'Amalia','MUS',2006,NULL,NULL,'BZK'),(1247,NULL,'Myrthe','NAESSENS',2009,NULL,NULL,'ROSC'),(1248,NULL,'Izolda','NAGHIU',2012,NULL,NULL,'BRABO'),(1249,NULL,'Patrick','NAGHIU',2009,NULL,NULL,'BRABO'),(1250,NULL,'Audrey','NANNI',2009,NULL,NULL,'CNSN'),(1251,NULL,'Juliette','NEVEJANS',2012,NULL,NULL,'DDZZ'),(1252,NULL,'Bas','NIJS',2012,NULL,NULL,'TRUST'),(1253,NULL,'Robbe','NOLLET',2006,NULL,NULL,'BRABO'),(1254,NULL,'Seppe','NOLLET',2009,NULL,NULL,'BRABO'),(1255,NULL,'Femke','OLDE BIJVANK',2006,NULL,NULL,'MEGA'),(1256,NULL,'Anneleen','ONGENAE',2005,NULL,NULL,'KWZC'),(1257,NULL,'Bregje','OOMS',2012,NULL,NULL,'HOZT'),(1258,NULL,'Jonah','OOMS',2004,NULL,NULL,'ZGEEL'),(1259,NULL,'Sari','OOMS',2007,NULL,NULL,'ZGEEL'),(1260,NULL,'Nel','OOSTERLYNCK',2007,NULL,NULL,'MEGA'),(1261,NULL,'Elly','OP DE BEECK',2007,NULL,NULL,'BRABO'),(1262,NULL,'Merlijn','OPDENBERGH',2009,NULL,NULL,'BRABO'),(1263,NULL,'Tim','ORIS',1998,NULL,NULL,'DMB'),(1264,NULL,'Ryan','OST',2006,NULL,NULL,'HOZT'),(1265,NULL,'Alexander','OTTEVAERE',2008,NULL,NULL,'BRABO'),(1266,NULL,'Benjamin','OTTEVAERE',2010,NULL,NULL,'BRABO'),(1267,NULL,'Ins','OUAJIHI MAMOUNI',2008,NULL,NULL,'CNSN'),(1268,NULL,'Sena-Ayse','ZEN',2008,NULL,NULL,'HELIOS'),(1269,NULL,'Mats','PALLEMAERTS',2009,NULL,NULL,'DMI'),(1270,NULL,'Sofiia','PARAKHONSKAIA',2010,NULL,NULL,'MEGA'),(1271,NULL,'Einar','PASTEELS',2009,NULL,NULL,'TRUST'),(1272,NULL,'Lowie','PATTYN',2010,NULL,NULL,'ZTB'),(1273,NULL,'Marit','PAUWELS',2008,NULL,NULL,'KWZC'),(1274,NULL,'Maxime','PAUWELS',2011,NULL,NULL,'ZVW'),(1275,NULL,'Andreas','PAZMANY',2010,NULL,NULL,'BRABO'),(1276,NULL,'Kobe','PEETERS',2011,NULL,NULL,'DIZV'),(1277,NULL,'Ruben','PEETERS',2004,NULL,NULL,'SCZ'),(1278,NULL,'Nicolas','PEIREN',2010,NULL,NULL,'ZTB'),(1279,NULL,'Beau','PENEZ',2010,NULL,NULL,'GOLD'),(1280,NULL,'Lieke','PETEREYNS',2008,NULL,NULL,'DDZZ'),(1281,NULL,'Bert','PETERS',1992,NULL,NULL,'MEGA'),(1282,NULL,'Dalia','PETKOVA',2011,NULL,NULL,'SCZ'),(1283,NULL,'Joachim','PICKAVET',2006,NULL,NULL,'ZTB'),(1284,NULL,'Brecht','PILLET',2004,NULL,NULL,'DDAT'),(1285,NULL,'Wout','PIRLET',2008,NULL,NULL,'TZT'),(1286,NULL,'Birthe','PLANCKAERT',2007,NULL,NULL,'ROSC'),(1287,NULL,'Aaron','PLOEM',2010,NULL,NULL,'DDZZ'),(1288,NULL,'Tristan','PLOEM',2011,NULL,NULL,'DDZZ'),(1289,NULL,'Lena','PLUQUET',2007,NULL,NULL,'ZVW'),(1290,NULL,'Nomi','POELS',2008,NULL,NULL,'ZGEEL'),(1291,NULL,'Santiago','PORTIER',2011,NULL,NULL,'DMI'),(1292,NULL,'Jolie','POTIER',2012,NULL,NULL,'MEGA'),(1293,NULL,'Paulien','PRESENT',2010,NULL,NULL,'MEGA'),(1294,NULL,'Dajo','PROVOOST',2008,NULL,NULL,'ROSC'),(1295,NULL,'Matice','PROVOOST',2008,NULL,NULL,'ROSC'),(1296,NULL,'Amlie','PUT',2007,NULL,NULL,'KAZS'),(1297,NULL,'Arthur','PUTTAERT',2010,NULL,NULL,'DDAT'),(1298,NULL,'Elien','PUTTAERT',2004,NULL,NULL,'DDAT'),(1299,NULL,'Marie','PUTTAERT',2007,NULL,NULL,'DDAT'),(1300,NULL,'Matisse','QUARTIER',2011,NULL,NULL,'ROSC'),(1301,NULL,'Benthe-Marie','RAEMDONCK',2005,NULL,NULL,'MEGA'),(1302,NULL,'Elyne','RAMBOUR',2009,NULL,NULL,'KWZC'),(1303,NULL,'Tibe','RAVELINGIEN',2008,NULL,NULL,'BRABO'),(1304,NULL,'Laura','REGNIERS',2009,NULL,NULL,'MEGA'),(1305,NULL,'Marit','REGNIERS',2012,NULL,NULL,'DDZZ'),(1306,NULL,'Quin','REMANS',2012,NULL,NULL,'DMB'),(1307,NULL,'Rosalie','REMANS',2013,NULL,NULL,'TRUST'),(1308,NULL,'Giulia','RESMINI',2010,NULL,NULL,'WN'),(1309,NULL,'Tibe','REYNAERT',2011,NULL,NULL,'TZT'),(1310,NULL,'Lucas','ROBIJN',2008,NULL,NULL,'TRUST'),(1311,NULL,'Jonas','ROEGIS',2007,NULL,NULL,'MEGA'),(1312,NULL,'Lore','ROEGIS',2008,NULL,NULL,'MEGA'),(1313,NULL,'Robin','ROELS',2008,NULL,NULL,'MEGA'),(1314,NULL,'Ruben','ROELS',2008,NULL,NULL,'MEGA'),(1315,NULL,'Floor','ROMBOUTS',2009,NULL,NULL,'HOZT'),(1316,NULL,'Lilou','RONDAGS',2008,NULL,NULL,'WN'),(1317,NULL,'Alexis','ROOMAN',2013,NULL,NULL,'LAQUA'),(1318,NULL,'Egon','ROOMAN',2011,NULL,NULL,'LAQUA'),(1319,NULL,'Hugues','ROOMAN',2011,NULL,NULL,'LAQUA'),(1320,NULL,'Thomas','ROOSEN',2010,NULL,NULL,'BRABO'),(1321,NULL,'Hayley','ROOSENBROECK',2010,NULL,NULL,'ZGEEL'),(1322,NULL,'Nicolas','ROSIERS',2007,NULL,NULL,'MEGA'),(1323,NULL,'Boris','ROTTIERS',2005,NULL,NULL,'FIRST'),(1324,NULL,'Ksenia','ROUDOMETKINA',2012,NULL,NULL,'HELIOS'),(1325,NULL,'Eva','ROUX',2009,NULL,NULL,'WN'),(1326,NULL,'Cobien','RUELENS',2012,NULL,NULL,'DMB'),(1327,NULL,'Matheo','RUTTEN',2007,NULL,NULL,'DMB'),(1328,NULL,'Lonneke','RUYSKENSVELD',2004,NULL,NULL,'FIRST'),(1329,NULL,'Ella','RYCKEMAN',2014,NULL,NULL,'ROSC'),(1330,NULL,'Sterre','RYMENANTS',2006,NULL,NULL,'BRABO'),(1331,NULL,'Aurelie','RYSMAN',2008,NULL,NULL,'KWZC'),(1332,NULL,'Louis','SABBE',2010,NULL,NULL,'ZTB'),(1333,NULL,'Antoine','SAIVE',2004,NULL,NULL,'LGN'),(1334,NULL,'Tristan','SALLMAN',2006,NULL,NULL,'WN'),(1335,NULL,'Jitse','SAMYN',2008,NULL,NULL,'ZTB'),(1336,NULL,'Lut','SAMYN',2012,NULL,NULL,'BZK'),(1337,NULL,'Juliette','SANDERS',2009,NULL,NULL,'MEGA'),(1338,NULL,'Yarno','SCHAUBROECK',2006,NULL,NULL,'MEGA'),(1339,NULL,'Ofelia','SCHILLEWAERT',2008,NULL,NULL,'DMI'),(1340,NULL,'Jolijn','SCHOLLAERT',2007,NULL,NULL,'ROSC'),(1341,NULL,'Nienke','SCHOUTEDEN',2012,NULL,NULL,'DMB'),(1342,NULL,'Michel','SCHOUTERDEN',2011,NULL,NULL,'DMB'),(1343,NULL,'Mila','SCHRAM',2010,NULL,NULL,'MEGA'),(1344,NULL,'Thor','SCHRAM',2005,NULL,NULL,'MEGA'),(1345,NULL,'Kobe','SEGAERT',2010,NULL,NULL,'BZK'),(1346,NULL,'Michiel','SEGHERS',2007,NULL,NULL,'DDAT'),(1347,NULL,'Senne','SERVRANCKX',2010,NULL,NULL,'DMB'),(1348,NULL,'Matteo','SLOOTMAEKERS',2010,NULL,NULL,'LAQUA'),(1349,NULL,'Jenne','SLUYTS',2009,NULL,NULL,'WST'),(1350,NULL,'Tibe','SLUYTS',2011,NULL,NULL,'WST'),(1351,NULL,'Alexander','SMET',2006,NULL,NULL,'DZO'),(1352,NULL,'Michiel','SMET',2008,NULL,NULL,'DZO'),(1353,NULL,'Lise','SMEULDERS',2006,NULL,NULL,'KAZS'),(1354,NULL,'Anna','SOARES ALMEIDA',2014,NULL,NULL,'LAQUA'),(1355,NULL,'Lisa','SOARES ALMEIDA',2012,NULL,NULL,'LAQUA'),(1356,NULL,'Thibaut','SOMEI',2008,NULL,NULL,'ZORO'),(1357,NULL,'Mattia','SPADEA',2011,NULL,NULL,'LAQUA'),(1358,NULL,'Tommaso','SPADEA',2008,NULL,NULL,'LAQUA'),(1359,NULL,'Kiara','SPIESSENS',2009,NULL,NULL,'ZALM'),(1360,NULL,'Simon','SPIRITUS',2010,NULL,NULL,'TRUST'),(1361,NULL,'Tyler','STAELENS',2014,NULL,NULL,'ROSC'),(1362,NULL,'Rilou','STARINK',2006,NULL,NULL,'BZK'),(1363,NULL,'Jinne','STEENBEKE',2008,NULL,NULL,'DDZZ'),(1364,NULL,'Lisse','STEENBEKE',2011,NULL,NULL,'DDZZ'),(1365,NULL,'Maite','STEENBEKE',2005,NULL,NULL,'DDZZ'),(1366,NULL,'Daan','STERCKX',2008,NULL,NULL,'TRUST'),(1367,NULL,'Arne','STRUYVELT',2008,NULL,NULL,'MEGA'),(1368,NULL,'Charles','STUMM',2010,NULL,NULL,'LAQUA'),(1369,NULL,'Denis','SUTU',2007,NULL,NULL,'CNSN'),(1370,NULL,'Maud','SYPR',2005,NULL,NULL,'MEGA'),(1371,NULL,'Nathan','TACQ',2011,NULL,NULL,'ZTZ'),(1372,NULL,'Yade','TAELMAN',2011,NULL,NULL,'SWEM'),(1373,NULL,'Yann','TAELMAN',2009,NULL,NULL,'SWEM'),(1374,NULL,'Lies','TALBOOM',2009,NULL,NULL,'BRABO'),(1375,NULL,'Temperance','TANG',2012,NULL,NULL,'KAZS'),(1376,NULL,'Lucia','TAVERNIER',2013,NULL,NULL,'MEGA'),(1377,NULL,'Louise','TEIRLINCK',2010,NULL,NULL,'LAQUA'),(1378,NULL,'Elynne','TEMMERMAN',2010,NULL,NULL,'BRABO'),(1379,NULL,'Marjolein','THEETEN',2005,NULL,NULL,'FIRST'),(1380,NULL,'Lisabet','THEUWIS',2009,NULL,NULL,'DMB'),(1381,NULL,'Mira','THEUWIS',2009,NULL,NULL,'DMB'),(1382,NULL,'Nelle','THEUWIS',2006,NULL,NULL,'DMB'),(1383,NULL,'Rune','THEUWIS',2002,NULL,NULL,'DMB'),(1384,NULL,'Leon','THIELEMANS',2013,NULL,NULL,'TZT'),(1385,NULL,'Nina','THIENPONDT',2012,NULL,NULL,'ZTB'),(1386,NULL,'Matisse','THONON',2011,NULL,NULL,'MEGA'),(1387,NULL,'Lena','THYS',2011,NULL,NULL,'KAZS'),(1388,NULL,'Ewan','TIELEMANS',2008,NULL,NULL,'BRABO'),(1389,NULL,'Wout','TIELEMANS',2008,NULL,NULL,'LAQUA'),(1390,NULL,'Sander','TIELEN',2011,NULL,NULL,'DMB'),(1391,NULL,'Lars','TRIANGLE',2009,NULL,NULL,'ZORO'),(1392,NULL,'Kobe','TRONCKOE',2011,NULL,NULL,'DDAT'),(1393,NULL,'Emile','TUYPENS',2007,NULL,NULL,'FIRST'),(1394,NULL,'Margot','UNION',2007,NULL,NULL,'ZORO'),(1395,NULL,'Lars','VALCKE',2007,NULL,NULL,'BZK'),(1396,NULL,'Nel','VAN AERSCHOT',2011,NULL,NULL,'WST'),(1397,NULL,'Fien','VAN ASSCHE',2010,NULL,NULL,'ZALM'),(1398,NULL,'Kaat','VAN BARNEVELD',2008,NULL,NULL,'BZK'),(1399,NULL,'Amber','VAN BELLE',2004,NULL,NULL,'LAQUA'),(1400,NULL,'Manon','VAN BELLE',2009,NULL,NULL,'DDAT'),(1401,NULL,'Ruben','VAN BELLE',2007,NULL,NULL,'MEGA'),(1402,NULL,'Simon','VAN BELLE',2009,NULL,NULL,'MEGA'),(1403,NULL,'Melina','VAN BEYLEN',2010,NULL,NULL,'RSCM'),(1404,NULL,'Juliette','VAN BRABANDT',2009,NULL,NULL,'MEGA'),(1405,NULL,'Amy','VAN BUNDER',2010,NULL,NULL,'DZO'),(1406,NULL,'Inez','VAN BUNDER',2013,NULL,NULL,'DZO'),(1407,NULL,'Elena','VAN CAMBERG',2010,NULL,NULL,'DDAT'),(1408,NULL,'Dries','VAN CAMPFORT',2007,NULL,NULL,'ZGEEL'),(1409,NULL,'Nicolas','VAN CAMPFORT',2010,NULL,NULL,'BRABO'),(1410,NULL,'Catho','VAN CAUWENBERGE',2010,NULL,NULL,'ROSC'),(1411,NULL,'Isaac','VAN CAUWENBERGE',2007,NULL,NULL,'ROSC'),(1412,NULL,'Juul','VAN CAUWENBERGE',2009,NULL,NULL,'ROSC'),(1413,NULL,'Lio','VAN CAUWENBERGE',2013,NULL,NULL,'ROSC'),(1414,NULL,'Thijs','VAN CLEVEN',2005,NULL,NULL,'BZK'),(1415,NULL,'Estee','VAN COMPERNOLLE',2009,NULL,NULL,'ZTZ'),(1416,NULL,'Marit','VAN COMPERNOLLE',2012,NULL,NULL,'ZTZ'),(1417,NULL,'Bas','VAN CRAEYNEST',2012,NULL,NULL,'ROSC'),(1418,NULL,'Elina','VAN DE CLOOT',2010,NULL,NULL,'HOZT'),(1419,NULL,'Fleur','VAN DE KEERE',2005,NULL,NULL,'ZTZ'),(1420,NULL,'Niels','VAN DE VIJVER',2007,NULL,NULL,'SWEM'),(1421,NULL,'Saule','VAN DE VOORT',2010,NULL,NULL,'STZC'),(1422,NULL,'Yoicka','VAN DE WALLE',2009,NULL,NULL,'SWEM'),(1423,NULL,'Elin','VAN DEN BORRE',2006,NULL,NULL,'BRABO'),(1424,NULL,'Sam','VAN DEN BORRE',2007,NULL,NULL,'ZVW'),(1425,NULL,'Frederic','VAN DEN BOSCH',2008,NULL,NULL,'RSCM'),(1426,NULL,'Maxine','VAN DEN BOSCH',2006,NULL,NULL,'RSCM'),(1427,NULL,'G.','VAN DEN BOSSCHE',2006,NULL,NULL,'BZK'),(1428,NULL,'Stan','VAN DEN BOSSCHE',2007,NULL,NULL,'BRABO'),(1429,NULL,'Wout','VAN DEN EYNDE',2005,NULL,NULL,'WST'),(1430,NULL,'Jelle','VAN DEN HOORN',2004,NULL,NULL,'DMB'),(1431,NULL,'A.','VAN DEN WYNGAERT',2004,NULL,NULL,'BRABO'),(1432,NULL,'Siebe','VAN DER HAEGHEN',2005,NULL,NULL,'FIRST'),(1433,NULL,'Lotte','VAN DER MEEREN',2010,NULL,NULL,'DDAT'),(1434,NULL,'Lara','VAN DER POEL',2008,NULL,NULL,'SCZ'),(1435,NULL,'Milo','VAN DER POEL',2006,NULL,NULL,'SCZ'),(1436,NULL,'Raphal','VAN DER VLIS',2013,NULL,NULL,'BRABO'),(1437,NULL,'Siebe','VAN DEURSEN',2009,NULL,NULL,'MEGA'),(1438,NULL,'Laura','VAN DRIESSCHE',2002,NULL,NULL,'DDZZ'),(1439,NULL,'Noor','VAN DRIESSCHE',2009,NULL,NULL,'FIRST'),(1440,NULL,'Hanne','VAN DYCK',2007,NULL,NULL,'ZALM'),(1441,NULL,'Mante','VAN DYCK',2008,NULL,NULL,'ZALM'),(1442,NULL,'Stan','VAN EECKHOUDT',2012,NULL,NULL,'TRUST'),(1443,NULL,'Tuur','VAN EECKHOUDT',2009,NULL,NULL,'TRUST'),(1444,NULL,'Rhune','VAN GANSBEKE',2009,NULL,NULL,'KWZC'),(1445,NULL,'Siemen','VAN GANSBEKE',2006,NULL,NULL,'KWZC'),(1446,NULL,'Cara','VAN GENECHTEN',2008,NULL,NULL,'WST'),(1447,NULL,'Rinske','VAN GHELUE',2010,NULL,NULL,'FIRST'),(1448,NULL,'Lowie','VAN GORP',2006,NULL,NULL,'RSCM'),(1449,NULL,'Maite','VAN GYSEL',2008,NULL,NULL,'MEGA'),(1450,NULL,'E.','VAN HAUWERMEIREN',2010,NULL,NULL,'DZO'),(1451,NULL,'Warre','VAN HECKE',2007,NULL,NULL,'MEGA'),(1452,NULL,'Milly','VAN HERPE',2010,NULL,NULL,'MEGA'),(1453,NULL,'Korneel','VAN HISSENHOVEN',2006,NULL,NULL,'RSCM'),(1454,NULL,'Floor','VAN HOOF',2008,NULL,NULL,'LAQUA'),(1455,NULL,'Imke','VAN HOUCKE',2011,NULL,NULL,'KWZC'),(1456,NULL,'Sean','VAN HUMBEECK',2005,NULL,NULL,'BZK'),(1457,NULL,'Isaura','VAN HYFTE',1999,NULL,NULL,'MEGA'),(1458,NULL,'Emma','VAN IMSCHOOT',2005,NULL,NULL,'FIRST'),(1459,NULL,'Phline','VAN ISEGHEM',2012,NULL,NULL,'BZK'),(1460,NULL,'Alessia','VAN LAARHOVEN',2008,NULL,NULL,'BRABO'),(1461,NULL,'Lene','VAN LAECKE',2008,NULL,NULL,'MEGA'),(1462,NULL,'Liese','VAN LAECKE',2008,NULL,NULL,'MEGA'),(1463,NULL,'Lotte','VAN LAECKE',2006,NULL,NULL,'MEGA'),(1464,NULL,'Charlotte','VAN LOO',2009,NULL,NULL,'FIRST'),(1465,NULL,'Vila','VAN LOOVEREN',2006,NULL,NULL,'BRABO'),(1466,NULL,'Leonor','VAN NEVEL',2008,NULL,NULL,'KWZC'),(1467,NULL,'L.','VAN NIEUWENHOVE',1999,NULL,NULL,'MEGA'),(1468,NULL,'Stan','VAN PETEGHEM',2008,NULL,NULL,'SWEM'),(1469,NULL,'Hanne','VAN POUCKE',2004,NULL,NULL,'BZK'),(1470,NULL,'Jules','VAN PRAET',2010,NULL,NULL,'DIZV'),(1471,NULL,'Amy','VAN QUAETHEM',2009,NULL,NULL,'ZTZ'),(1472,NULL,'Kris','VAN QUEKELBERGHE',2007,NULL,NULL,'MEGA'),(1473,NULL,'Camu','VAN RAEMDONCK',2009,NULL,NULL,'FIRST'),(1474,NULL,'Bo','VAN SPEYBROECK',2004,NULL,NULL,'ZORO'),(1475,NULL,'Hanne','VAN STEEN GOMES',2007,NULL,NULL,'DZO'),(1476,NULL,'Esther','VAN STEENWINKEL',2010,NULL,NULL,'SCZ'),(1477,NULL,'Frauke','VAN TILBURG',2013,NULL,NULL,'ZGEEL'),(1478,NULL,'Matthias','VAN TILBURG',2009,NULL,NULL,'ZGEEL'),(1479,NULL,'Finn','VAN TRICHT',2010,NULL,NULL,'FIRST'),(1480,NULL,'Hanne','VAN WAELDEREN',2009,NULL,NULL,'WST'),(1481,NULL,'Nele','VAN WAELDEREN',2007,NULL,NULL,'WST'),(1482,NULL,'Sarah','VAN WAELDEREN',2011,NULL,NULL,'WST'),(1483,NULL,'Thomas','VAN WAELDEREN',2005,NULL,NULL,'WST'),(1484,NULL,'Joseph','VAN WELLEN',2008,NULL,NULL,'HOZT'),(1485,NULL,'Lowie','VANBESIEN',2009,NULL,NULL,'MEGA'),(1486,NULL,'Axelle','VANDAELE',2014,NULL,NULL,'ROSC'),(1487,NULL,'Amber','VANDE GHINSTE',2011,NULL,NULL,'DDAT'),(1488,NULL,'Jasmien','VANDE WALLE',2005,NULL,NULL,'ZTB'),(1489,NULL,'Fran','VANDEKERCKHOVE',2011,NULL,NULL,'DDZZ'),(1490,NULL,'Jerome','VANDEKERCKHOVE',2010,NULL,NULL,'TZT'),(1491,NULL,'Juliette','VANDEKERCKHOVE',2011,NULL,NULL,'TZT'),(1492,NULL,'Margo','VANDEN BAVIERE',2009,NULL,NULL,'GOLD'),(1493,NULL,'Lily','VANDEN EECKHOUTE',2011,NULL,NULL,'ROSC'),(1494,NULL,'Luna','VANDENBEMPT',2005,NULL,NULL,'LAQUA'),(1495,NULL,'Quinten','VANDEPOEL',2010,NULL,NULL,'STZC'),(1496,NULL,'Louis','VANDERBEKE',2011,NULL,NULL,'ROSC'),(1497,NULL,'Marilou','VANDERBEKE',2014,NULL,NULL,'ROSC'),(1498,NULL,'Milan','VANDERBORGHT',2011,NULL,NULL,'SCZ'),(1499,NULL,'Jolie','VANDERHEYDEN',2012,NULL,NULL,'MEGA'),(1500,NULL,'Roald','VANDERLINDEN',2011,NULL,NULL,'LAQUA'),(1501,NULL,'Siri','VANDERLINDEN',2009,NULL,NULL,'LAQUA'),(1502,NULL,'Laura','VANDERSCHRICK',2002,NULL,NULL,'BZK'),(1503,NULL,'Stephan','VANDERSCHRICK',2000,NULL,NULL,'BZK'),(1504,NULL,'Samuel','VANDIJCK',2012,NULL,NULL,'DMB'),(1505,NULL,'Art','VANDOOREN',2008,NULL,NULL,'LAQUA'),(1506,NULL,'Lennert','VANDYCKE',2004,NULL,NULL,'ROSC'),(1507,NULL,'Lucas','VANDYCKE',2007,NULL,NULL,'ROSC'),(1508,NULL,'Laura','VANGAMPELAERE',2008,NULL,NULL,'MEGA'),(1509,NULL,'Milan','VANGAMPELAERE',2005,NULL,NULL,'MEGA'),(1510,NULL,'Jef','VANGROOTLOON',2010,NULL,NULL,'STZC'),(1511,NULL,'Raphal','VANHECKE',2006,NULL,NULL,'WN'),(1512,NULL,'Leah','VANHEE',2011,NULL,NULL,'TZT'),(1513,NULL,'Marit','VANHEULE',2009,NULL,NULL,'MEGA'),(1514,NULL,'Marieke','VANHOOF',2007,NULL,NULL,'RSCM'),(1515,NULL,'Arno','VANHOORNE',2011,NULL,NULL,'DMI'),(1516,NULL,'Warre','VANHOUTTE',2007,NULL,NULL,'ROSC'),(1517,NULL,'Ynthe','VANLANCKER',2011,NULL,NULL,'DMI'),(1518,NULL,'L.','VANLOMMEL',2011,NULL,NULL,'ZGEEL'),(1519,NULL,'Este','VANNIEUWENHUYSE',2008,NULL,NULL,'FIRST'),(1520,NULL,'Loc','VANNIEUWENHUYSE',2010,NULL,NULL,'FIRST'),(1521,NULL,'Lotte','VANPOUCKE',2014,NULL,NULL,'TZT'),(1522,NULL,'Jayden','VANSIELEGHEM',2010,NULL,NULL,'BZK'),(1523,NULL,'Killian','VANSIELEGHEM',2005,NULL,NULL,'BZK'),(1524,NULL,'Elle','VANSINA',2012,NULL,NULL,'KAZS'),(1525,NULL,'Lucas','VANSTECHELMAN',2011,NULL,NULL,'DDAT'),(1526,NULL,'Victor','VANSTEENKISTE',2012,NULL,NULL,'ZTB'),(1527,NULL,'Matthys','VANVYAENE',2011,NULL,NULL,'ZTB'),(1528,NULL,'Mats','VEESTRAETEN',2006,NULL,NULL,'DMB'),(1529,NULL,'Rena','VEKEMANS',2007,NULL,NULL,'DZO'),(1530,NULL,'Jasper','VERBERCKMOES',2009,NULL,NULL,'ZALM'),(1531,NULL,'Mats','VERBRUGGEN',2011,NULL,NULL,'KAZS'),(1532,NULL,'Romy','VERCOUILLIE',2008,NULL,NULL,'ZTB'),(1533,NULL,'Brecht','VERDONCK',2007,NULL,NULL,'ZGEEL'),(1534,NULL,'Fleur','VERDONCK',2006,NULL,NULL,'ZN'),(1535,NULL,'Wout','VEREECKE',2003,NULL,NULL,'ZVW'),(1536,NULL,'Marthe','VERHAEGHE',2010,NULL,NULL,'ZTB'),(1537,NULL,'Matts','VERHAMME',2010,NULL,NULL,'MEGA'),(1538,NULL,'Vinz','VERHEYDEN',2009,NULL,NULL,'FIRST'),(1539,NULL,'Leni','VERLUYTEN',2010,NULL,NULL,'DZO'),(1540,NULL,'Niene','VERLUYTEN',2012,NULL,NULL,'DZO'),(1541,NULL,'Alyssa','VERMEULEN',2006,NULL,NULL,'ZTZ'),(1542,NULL,'Irene','VERNIEUWE',2012,NULL,NULL,'TZT'),(1543,NULL,'Leanne','VERNIEUWE',2014,NULL,NULL,'TZT'),(1544,NULL,'Nicholas','VERNIMMEN',2012,NULL,NULL,'LAQUA'),(1545,NULL,'Mara','VERPLANCKE',2013,NULL,NULL,'GOLD'),(1546,NULL,'Noah','VERRETH',2005,NULL,NULL,'MEGA'),(1547,NULL,'Louise','VERSCHUEREN',2009,NULL,NULL,'HOZT'),(1548,NULL,'Linus','VERSCHUREN',2008,NULL,NULL,'KAZS'),(1549,NULL,'Dawn','VERSLUYS',2005,NULL,NULL,'ROSC'),(1550,NULL,'Mona','VERSTRAETE',2006,NULL,NULL,'MEGA'),(1551,NULL,'Elise','VERVAET',2007,NULL,NULL,'ZVW'),(1552,NULL,'Ruwen','VERVLOET',2004,NULL,NULL,'BRABO'),(1553,NULL,'Fien','VERWAEST',2006,NULL,NULL,'ZORO'),(1554,NULL,'Maxim','VIAENE',2010,NULL,NULL,'MEGA'),(1555,NULL,'Perla','VIANE',2005,NULL,NULL,'MEGA'),(1556,NULL,'Tine','VINCK',2008,NULL,NULL,'MEGA'),(1557,NULL,'Lotta','VISSERS',2008,NULL,NULL,'BRABO'),(1558,NULL,'Bo','VOLDERS',2008,NULL,NULL,'BRABO'),(1559,NULL,'Barend','VRANKEN',2011,NULL,NULL,'DMB'),(1560,NULL,'Bartel','VRANKEN',2007,NULL,NULL,'DMB'),(1561,NULL,'Bjarne','VRANKEN',2009,NULL,NULL,'DMB'),(1562,NULL,'Liesa','VRIELINCK',1993,NULL,NULL,'MEGA'),(1563,NULL,'Bere','WAERNIERS',2008,NULL,NULL,'TZT'),(1564,NULL,'Kilyan','WALTERUS',2012,NULL,NULL,'DMB'),(1565,NULL,'Kervens','WARNON',2004,NULL,NULL,'SCZ'),(1566,NULL,'Nona','WATELLE',2010,NULL,NULL,'LAQUA'),(1567,NULL,'Luca','WEGENER',2009,NULL,NULL,'SCZ'),(1568,NULL,'Daan','WEVERS',2003,NULL,NULL,'RSCM'),(1569,NULL,'Gitte','WEVERS',2011,NULL,NULL,'DMB'),(1570,NULL,'Amber','WEYTJENS',2008,NULL,NULL,'DMB'),(1571,NULL,'Milan','WEYTS',2004,NULL,NULL,'BZK'),(1572,NULL,'Pieter','WIELANDT',1993,NULL,NULL,'FIRST'),(1573,NULL,'Ayla','WILLAERT',2009,NULL,NULL,'HOZT'),(1574,NULL,'Dieter','WILLEMS',2006,NULL,NULL,'AZV'),(1575,NULL,'Robbe','WILLEMS',2013,NULL,NULL,'KAZS'),(1576,NULL,'Ruben','WILLEMS',2010,NULL,NULL,'AZV'),(1577,NULL,'Briana','WOUTERS',2006,NULL,NULL,'KAZS'),(1578,NULL,'Mit','WOUTERS',2010,NULL,NULL,'ZGEEL'),(1579,NULL,'Odiel','WULLAERT',2008,NULL,NULL,'ZTB'),(1580,NULL,'Hanne','WYNANTS',2013,NULL,NULL,'TRUST'),(1581,NULL,'Matei','ZAHARIE',2008,NULL,NULL,'CNSN'),(1582,NULL,'Kristina','ZEINOUN',2009,NULL,NULL,'WN'),(1583,NULL,'Nisrine','ZEKRI',2005,NULL,NULL,'BRABO'),(1584,NULL,'Amir','ZOUHRI',2010,NULL,NULL,'LAQUA'),(1585,NULL,'Wael','ZRIRAK',2010,NULL,NULL,'ZGEEL');
/*!40000 ALTER TABLE `personen` ENABLE KEYS */;
UNLOCK TABLES;

--
-- Table structure for table `programmas`
--

DROP TABLE IF EXISTS `programmas`;
/*!40101 SET @saved_cs_client     = @@character_set_client */;
/*!50503 SET character_set_client = utf8mb4 */;
CREATE TABLE `programmas` (
  `id` int NOT NULL AUTO_INCREMENT,
  `slag` enum('VRIJ','RUG','SCHOOL','VLINDER','WISSEL') COLLATE utf8mb4_unicode_ci NOT NULL,
  `afstand` enum('50','100','200','400','800','1500','4x50','4x100','4x200') COLLATE utf8mb4_unicode_ci NOT NULL,
  `aflossing` tinyint NOT NULL,
  `geslacht` enum('M','V','MV') COLLATE utf8mb4_unicode_ci NOT NULL,
  PRIMARY KEY (`id`)
) ENGINE=InnoDB AUTO_INCREMENT=52 DEFAULT CHARSET=utf8mb4 COLLATE=utf8mb4_unicode_ci;
/*!40101 SET character_set_client = @saved_cs_client */;

--
-- Dumping data for table `programmas`
--

LOCK TABLES `programmas` WRITE;
/*!40000 ALTER TABLE `programmas` DISABLE KEYS */;
INSERT INTO `programmas` VALUES (1,'VRIJ','50',0,'M'),(2,'VRIJ','100',0,'M'),(3,'VRIJ','200',0,'M'),(4,'VRIJ','400',0,'M'),(5,'VRIJ','800',0,'M'),(6,'VRIJ','1500',0,'M'),(7,'RUG','50',0,'M'),(8,'RUG','100',0,'M'),(9,'RUG','200',0,'M'),(10,'SCHOOL','50',0,'M'),(11,'SCHOOL','100',0,'M'),(12,'SCHOOL','200',0,'M'),(13,'VLINDER','50',0,'M'),(14,'VLINDER','100',0,'M'),(15,'VLINDER','200',0,'M'),(16,'WISSEL','100',0,'M'),(17,'WISSEL','200',0,'M'),(18,'WISSEL','400',0,'M'),(19,'VRIJ','50',0,'V'),(20,'VRIJ','100',0,'V'),(21,'VRIJ','200',0,'V'),(22,'VRIJ','400',0,'V'),(23,'VRIJ','800',0,'V'),(24,'VRIJ','1500',0,'V'),(25,'RUG','50',0,'V'),(26,'RUG','100',0,'V'),(27,'RUG','200',0,'V'),(28,'SCHOOL','50',0,'V'),(29,'SCHOOL','100',0,'V'),(30,'SCHOOL','200',0,'V'),(31,'VLINDER','50',0,'V'),(32,'VLINDER','100',0,'V'),(33,'VLINDER','200',0,'V'),(34,'WISSEL','100',0,'V'),(35,'WISSEL','200',0,'V'),(36,'WISSEL','400',0,'V'),(37,'VRIJ','4x50',1,'M'),(38,'VRIJ','4x100',1,'M'),(39,'VRIJ','4x200',1,'M'),(40,'WISSEL','4x50',1,'M'),(41,'WISSEL','4x100',1,'M'),(42,'VRIJ','4x50',1,'V'),(43,'VRIJ','4x100',1,'V'),(44,'VRIJ','4x200',1,'V'),(45,'WISSEL','4x50',1,'V'),(46,'WISSEL','4x100',1,'V'),(47,'VRIJ','4x50',1,'MV'),(48,'VRIJ','4x100',1,'MV'),(49,'VRIJ','4x200',1,'MV'),(50,'WISSEL','4x50',1,'MV'),(51,'WISSEL','4x100',1,'MV');
/*!40000 ALTER TABLE `programmas` ENABLE KEYS */;
UNLOCK TABLES;

--
-- Table structure for table `series`
--

DROP TABLE IF EXISTS `series`;
/*!40101 SET @saved_cs_client     = @@character_set_client */;
/*!50503 SET character_set_client = utf8mb4 */;
CREATE TABLE `series` (
  `id` int NOT NULL,
  `wedstrijdprogramma_id` int NOT NULL,
  `reeksnummer` int NOT NULL,
  `aanvangsuur` time NOT NULL,
  PRIMARY KEY (`id`),
  KEY `fk_wedstrijden_has_programmas_has_zwemmers_wedstrijden_has__idx` (`wedstrijdprogramma_id`),
  CONSTRAINT `fk_wedstrijden_has_programmas_has_zwemmers_wedstrijden_has_pr1` FOREIGN KEY (`wedstrijdprogramma_id`) REFERENCES `wedstrijdprogrammas` (`id`)
) ENGINE=InnoDB DEFAULT CHARSET=utf8mb4 COLLATE=utf8mb4_unicode_ci;
/*!40101 SET character_set_client = @saved_cs_client */;

--
-- Dumping data for table `series`
--

LOCK TABLES `series` WRITE;
/*!40000 ALTER TABLE `series` DISABLE KEYS */;
INSERT INTO `series` VALUES (1,1,1,'18:00:00'),(2,1,2,'18:00:00'),(3,1,3,'18:05:00'),(4,1,4,'18:05:00'),(5,1,5,'18:05:00'),(6,1,6,'18:05:00'),(7,1,7,'18:05:00'),(8,1,8,'18:10:00'),(9,1,9,'18:10:00'),(10,1,10,'18:10:00'),(11,1,11,'18:10:00'),(12,1,12,'18:15:00'),(13,1,13,'18:15:00'),(14,1,14,'18:15:00'),(15,1,15,'18:15:00'),(16,1,16,'18:15:00'),(17,1,17,'18:15:00'),(18,1,18,'18:20:00'),(19,1,19,'18:20:00'),(20,1,20,'18:20:00'),(21,1,21,'18:20:00'),(22,2,1,'18:25:00'),(23,2,2,'18:25:00'),(24,2,3,'18:25:00'),(25,2,4,'18:25:00'),(26,2,5,'18:30:00'),(27,2,6,'18:30:00'),(28,2,7,'18:30:00'),(29,2,8,'18:30:00'),(30,2,9,'18:30:00'),(31,2,10,'18:35:00'),(32,2,11,'18:35:00'),(33,2,12,'18:35:00'),(34,2,13,'18:35:00'),(35,2,14,'18:35:00'),(36,2,15,'18:40:00'),(37,2,16,'18:40:00'),(38,2,17,'18:40:00'),(39,2,18,'18:40:00'),(40,2,19,'18:40:00'),(41,2,20,'18:45:00'),(42,2,21,'18:45:00'),(43,2,22,'18:45:00'),(44,2,23,'18:45:00'),(45,3,1,'18:50:00'),(46,3,2,'18:50:00'),(47,3,3,'18:50:00'),(48,3,4,'18:50:00'),(49,3,5,'18:55:00'),(50,3,6,'18:55:00'),(51,3,7,'18:55:00'),(52,3,8,'18:55:00'),(53,3,9,'19:00:00'),(54,3,10,'19:00:00'),(55,3,11,'19:00:00'),(56,3,12,'19:00:00'),(57,4,1,'19:00:00'),(58,4,2,'19:05:00'),(59,4,3,'19:05:00'),(60,4,4,'19:05:00'),(61,4,5,'19:10:00'),(62,4,6,'19:10:00'),(63,4,7,'19:10:00'),(64,4,8,'19:10:00'),(65,4,9,'19:15:00'),(66,4,10,'19:15:00'),(67,4,11,'19:15:00'),(68,4,12,'19:15:00'),(69,4,13,'19:15:00'),(70,4,14,'19:20:00'),(71,4,15,'19:20:00'),(72,5,1,'19:35:00'),(73,5,2,'19:35:00'),(74,5,3,'19:40:00'),(75,5,4,'19:40:00'),(76,5,5,'19:40:00'),(77,5,6,'19:40:00'),(78,5,7,'19:45:00'),(79,5,8,'19:45:00'),(80,5,9,'19:45:00'),(81,5,10,'19:45:00'),(82,5,11,'19:50:00'),(83,5,12,'19:50:00'),(84,5,13,'19:50:00'),(85,5,14,'19:50:00'),(86,5,15,'19:50:00'),(87,6,1,'19:55:00'),(88,6,2,'19:55:00'),(89,6,3,'19:55:00'),(90,6,4,'19:55:00'),(91,6,5,'20:00:00'),(92,6,6,'20:00:00'),(93,6,7,'20:00:00'),(94,6,8,'20:00:00'),(95,6,9,'20:05:00'),(96,6,10,'20:05:00'),(97,6,11,'20:05:00'),(98,6,12,'20:05:00'),(99,6,13,'20:05:00'),(100,6,14,'20:10:00'),(101,6,15,'20:10:00'),(102,7,1,'20:10:00'),(103,7,2,'20:15:00'),(104,7,3,'20:15:00'),(105,7,4,'20:15:00'),(106,7,5,'20:15:00'),(107,7,6,'20:20:00'),(108,7,7,'20:20:00'),(109,7,8,'20:20:00'),(110,7,9,'20:20:00'),(111,7,10,'20:25:00'),(112,7,11,'20:25:00'),(113,8,1,'20:25:00'),(114,8,2,'20:25:00'),(115,8,3,'20:30:00'),(116,8,4,'20:30:00'),(117,8,5,'20:30:00'),(118,8,6,'20:35:00'),(119,8,7,'20:35:00'),(120,8,8,'20:35:00'),(121,8,9,'20:35:00'),(122,8,10,'20:40:00'),(123,8,11,'20:40:00'),(124,8,12,'20:40:00'),(125,9,1,'08:30:00'),(126,9,2,'08:30:00'),(127,9,3,'08:35:00'),(128,9,4,'08:35:00'),(129,9,5,'08:40:00'),(130,9,6,'08:40:00'),(131,9,7,'08:45:00'),(132,9,8,'08:45:00'),(133,9,9,'08:45:00'),(134,9,10,'08:50:00'),(135,9,11,'08:50:00'),(136,9,12,'08:50:00'),(137,9,13,'08:55:00'),(138,9,14,'08:55:00'),(139,9,15,'08:55:00'),(140,9,16,'09:00:00'),(141,9,17,'09:00:00'),(142,9,18,'09:00:00'),(143,9,19,'09:05:00'),(144,9,20,'09:05:00'),(145,9,21,'09:05:00'),(146,9,22,'09:10:00'),(147,9,23,'09:10:00'),(148,9,24,'09:10:00'),(149,9,25,'09:10:00'),(150,9,26,'09:15:00'),(151,9,27,'09:15:00'),(152,9,28,'09:15:00'),(153,9,29,'09:20:00'),(154,9,30,'09:20:00'),(155,9,31,'09:20:00'),(156,9,32,'09:25:00'),(157,10,1,'09:25:00'),(158,10,2,'09:25:00'),(159,10,3,'09:30:00'),(160,10,4,'09:35:00'),(161,10,5,'09:35:00'),(162,10,6,'09:40:00'),(163,10,7,'09:40:00'),(164,10,8,'09:45:00'),(165,10,9,'09:45:00'),(166,10,10,'09:45:00'),(167,10,11,'09:50:00'),(168,10,12,'09:50:00'),(169,10,13,'09:55:00'),(170,10,14,'09:55:00'),(171,10,15,'10:00:00'),(172,10,16,'10:00:00'),(173,10,17,'10:00:00'),(174,10,18,'10:05:00'),(175,10,19,'10:05:00'),(176,10,20,'10:10:00'),(177,10,21,'10:10:00'),(178,10,22,'10:10:00'),(179,10,23,'10:15:00'),(180,10,24,'10:15:00'),(181,10,25,'10:20:00'),(182,10,26,'10:20:00'),(183,11,1,'10:35:00'),(184,11,2,'10:40:00'),(185,11,3,'10:40:00'),(186,11,4,'10:45:00'),(187,11,5,'10:50:00'),(188,11,6,'10:50:00'),(189,11,7,'10:50:00'),(190,11,8,'10:55:00'),(191,11,9,'10:55:00'),(192,11,10,'11:00:00'),(193,11,11,'11:00:00'),(194,11,12,'11:00:00'),(195,11,13,'11:05:00'),(196,11,14,'11:05:00'),(197,11,15,'11:05:00'),(198,11,16,'11:10:00'),(199,11,17,'11:10:00'),(200,11,18,'11:15:00'),(201,11,19,'11:15:00'),(202,11,20,'11:15:00'),(203,11,21,'11:20:00'),(204,11,22,'11:20:00'),(205,11,23,'11:20:00'),(206,11,24,'11:25:00'),(207,11,25,'11:25:00'),(208,11,26,'11:25:00'),(209,11,27,'11:30:00'),(210,11,28,'11:30:00'),(211,11,29,'11:30:00'),(212,11,30,'11:35:00'),(213,12,1,'11:35:00'),(214,12,2,'11:40:00'),(215,12,3,'11:40:00'),(216,12,4,'11:45:00'),(217,12,5,'11:45:00'),(218,12,6,'11:50:00'),(219,12,7,'11:50:00'),(220,12,8,'11:55:00'),(221,12,9,'11:55:00'),(222,12,10,'11:55:00'),(223,12,11,'12:00:00'),(224,12,12,'12:00:00'),(225,12,13,'12:05:00'),(226,12,14,'12:05:00'),(227,12,15,'12:05:00'),(228,12,16,'12:10:00'),(229,12,17,'12:10:00'),(230,12,18,'12:10:00'),(231,12,19,'12:15:00'),(232,12,20,'12:15:00'),(233,13,1,'13:30:00'),(234,13,2,'13:30:00'),(235,13,3,'13:35:00'),(236,14,1,'13:35:00'),(237,14,2,'13:40:00'),(238,15,1,'13:45:00'),(239,15,2,'13:50:00'),(240,15,3,'13:55:00'),(241,15,4,'14:00:00'),(242,15,5,'14:05:00'),(243,15,6,'14:05:00'),(244,15,7,'14:10:00'),(245,15,8,'14:15:00'),(246,15,9,'14:20:00'),(247,15,10,'14:25:00'),(248,15,11,'14:25:00'),(249,15,12,'14:30:00'),(250,15,13,'14:35:00'),(251,15,14,'14:35:00'),(252,15,15,'14:40:00'),(253,15,16,'14:45:00'),(254,15,17,'14:45:00'),(255,15,18,'14:50:00'),(256,15,19,'14:55:00'),(257,15,20,'14:55:00'),(258,15,21,'15:00:00'),(259,15,22,'15:05:00'),(260,15,23,'15:05:00'),(261,15,24,'15:10:00'),(262,16,1,'15:15:00'),(263,16,2,'15:15:00'),(264,16,3,'15:20:00'),(265,17,1,'08:30:00'),(266,17,2,'08:30:00'),(267,17,3,'08:35:00'),(268,17,4,'08:35:00'),(269,17,5,'08:40:00'),(270,17,6,'08:40:00'),(271,17,7,'08:45:00'),(272,17,8,'08:45:00'),(273,17,9,'08:45:00'),(274,17,10,'08:50:00'),(275,17,11,'08:50:00'),(276,17,12,'08:50:00'),(277,17,13,'08:55:00'),(278,17,14,'08:55:00'),(279,17,15,'08:55:00'),(280,17,16,'09:00:00'),(281,17,17,'09:00:00'),(282,17,18,'09:00:00'),(283,17,19,'09:05:00'),(284,17,20,'09:05:00'),(285,17,21,'09:05:00'),(286,17,22,'09:10:00'),(287,17,23,'09:10:00'),(288,17,24,'09:10:00'),(289,17,25,'09:15:00'),(290,17,26,'09:15:00'),(291,17,27,'09:15:00'),(292,17,28,'09:20:00'),(293,17,29,'09:20:00'),(294,18,1,'09:20:00'),(295,18,2,'09:25:00'),(296,18,3,'09:25:00'),(297,18,4,'09:30:00'),(298,18,5,'09:35:00'),(299,18,6,'09:35:00'),(300,18,7,'09:40:00'),(301,18,8,'09:40:00'),(302,18,9,'09:40:00'),(303,18,10,'09:45:00'),(304,18,11,'09:45:00'),(305,18,12,'09:50:00'),(306,18,13,'09:50:00'),(307,18,14,'09:50:00'),(308,18,15,'09:55:00'),(309,18,16,'09:55:00'),(310,18,17,'10:00:00'),(311,18,18,'10:00:00'),(312,18,19,'10:00:00'),(313,18,20,'10:05:00'),(314,18,21,'10:05:00'),(315,18,22,'10:10:00'),(316,18,23,'10:10:00'),(317,18,24,'10:10:00'),(318,19,1,'10:30:00'),(319,19,2,'10:30:00'),(320,19,3,'10:35:00'),(321,19,4,'10:35:00'),(322,19,5,'10:40:00'),(323,19,6,'10:45:00'),(324,19,7,'10:45:00'),(325,19,8,'10:45:00'),(326,19,9,'10:50:00'),(327,19,10,'10:50:00'),(328,19,11,'10:55:00'),(329,19,12,'10:55:00'),(330,19,13,'10:55:00'),(331,19,14,'11:00:00'),(332,19,15,'11:00:00'),(333,19,16,'11:05:00'),(334,19,17,'11:05:00'),(335,19,18,'11:05:00'),(336,19,19,'11:10:00'),(337,19,20,'11:10:00'),(338,19,21,'11:10:00'),(339,19,22,'11:15:00'),(340,19,23,'11:15:00'),(341,19,24,'11:15:00'),(342,19,25,'11:20:00'),(343,19,26,'11:20:00'),(344,19,27,'11:25:00'),(345,19,28,'11:25:00'),(346,20,1,'11:25:00'),(347,20,2,'11:30:00'),(348,20,3,'11:30:00'),(349,20,4,'11:35:00'),(350,20,5,'11:35:00'),(351,20,6,'11:40:00'),(352,20,7,'11:40:00'),(353,20,8,'11:45:00'),(354,20,9,'11:45:00'),(355,20,10,'11:45:00'),(356,20,11,'11:50:00'),(357,20,12,'11:50:00'),(358,20,13,'11:55:00'),(359,20,14,'11:55:00'),(360,20,15,'11:55:00'),(361,20,16,'12:00:00'),(362,20,17,'12:00:00'),(363,20,18,'12:00:00'),(364,20,19,'12:05:00'),(365,20,20,'12:05:00'),(366,20,21,'12:05:00'),(367,20,22,'12:10:00'),(368,20,23,'12:10:00'),(369,21,1,'13:30:00'),(370,21,2,'13:35:00'),(371,21,3,'13:35:00'),(372,22,1,'13:40:00'),(373,22,2,'13:40:00'),(374,23,1,'13:45:00'),(375,23,2,'13:50:00'),(376,23,3,'13:55:00'),(377,23,4,'14:00:00'),(378,23,5,'14:05:00'),(379,23,6,'14:05:00'),(380,23,7,'14:10:00'),(381,23,8,'14:15:00'),(382,23,9,'14:20:00'),(383,23,10,'14:20:00'),(384,23,11,'14:25:00'),(385,23,12,'14:30:00'),(386,23,13,'14:30:00'),(387,23,14,'14:35:00'),(388,23,15,'14:40:00'),(389,23,16,'14:40:00'),(390,23,17,'14:45:00'),(391,23,18,'14:50:00'),(392,23,19,'14:50:00'),(393,23,20,'14:55:00'),(394,23,21,'14:55:00'),(395,24,1,'15:00:00'),(396,24,2,'15:00:00'),(397,24,3,'15:05:00');
/*!40000 ALTER TABLE `series` ENABLE KEYS */;
UNLOCK TABLES;

--
-- Table structure for table `wedstrijden`
--

DROP TABLE IF EXISTS `wedstrijden`;
/*!40101 SET @saved_cs_client     = @@character_set_client */;
/*!50503 SET character_set_client = utf8mb4 */;
CREATE TABLE `wedstrijden` (
  `id` int NOT NULL AUTO_INCREMENT,
  `zwembad_id` int NOT NULL,
  `naam` varchar(45) COLLATE utf8mb4_unicode_ci NOT NULL DEFAULT 'DUMMY',
  `datum` date NOT NULL,
  `tijdsregistratie` enum('ELEKTRONISCH','MANUEEL') COLLATE utf8mb4_unicode_ci NOT NULL,
  `dagdeel` enum('VOORMIDDAG','NAMIDDAG','AVOND') COLLATE utf8mb4_unicode_ci NOT NULL DEFAULT 'VOORMIDDAG',
  PRIMARY KEY (`id`),
  KEY `fk_wedstrijden_zwembaden1_idx` (`zwembad_id`),
  CONSTRAINT `fk_wedstrijden_zwembaden1` FOREIGN KEY (`zwembad_id`) REFERENCES `zwembaden` (`id`)
) ENGINE=InnoDB AUTO_INCREMENT=8 DEFAULT CHARSET=utf8mb4 COLLATE=utf8mb4_unicode_ci;
/*!40101 SET character_set_client = @saved_cs_client */;

--
-- Dumping data for table `wedstrijden`
--

LOCK TABLES `wedstrijden` WRITE;
/*!40000 ALTER TABLE `wedstrijden` DISABLE KEYS */;
INSERT INTO `wedstrijden` VALUES (1,2,'Speedomeeting','2023-05-17','ELEKTRONISCH','AVOND'),(2,2,'Speedomeeting','2023-05-18','ELEKTRONISCH','VOORMIDDAG'),(3,2,'Speedomeeting','2023-05-18','ELEKTRONISCH','NAMIDDAG'),(4,2,'Speedomeeting','2023-05-18','ELEKTRONISCH','AVOND'),(5,2,'Speedomeeting','2023-05-19','ELEKTRONISCH','VOORMIDDAG'),(6,2,'Speedomeeting','2023-05-19','ELEKTRONISCH','NAMIDDAG'),(7,2,'Speedomeeting','2023-05-19','ELEKTRONISCH','AVOND');
/*!40000 ALTER TABLE `wedstrijden` ENABLE KEYS */;
UNLOCK TABLES;

--
-- Table structure for table `wedstrijdprogrammas`
--

DROP TABLE IF EXISTS `wedstrijdprogrammas`;
/*!40101 SET @saved_cs_client     = @@character_set_client */;
/*!50503 SET character_set_client = utf8mb4 */;
CREATE TABLE `wedstrijdprogrammas` (
  `id` int NOT NULL,
  `wedstrijd_id` int NOT NULL,
  `programma_id` int NOT NULL,
  `programmanummer` int NOT NULL,
  `leeftijdscategorie` enum('9-10','11-12','13-14','15-16','17-18','11+') COLLATE utf8mb4_unicode_ci NOT NULL,
  `aanvangsuur` time NOT NULL,
  PRIMARY KEY (`id`),
  KEY `fk_wedstrijden_has_wedstrijdtypes_wedstrijdtypes1_idx` (`programma_id`),
  KEY `fk_wedstrijden_has_wedstrijdtypes_wedstrijden1_idx` (`wedstrijd_id`),
  CONSTRAINT `fk_wedstrijden_has_wedstrijdtypes_wedstrijden1` FOREIGN KEY (`wedstrijd_id`) REFERENCES `wedstrijden` (`id`),
  CONSTRAINT `fk_wedstrijden_has_wedstrijdtypes_wedstrijdtypes1` FOREIGN KEY (`programma_id`) REFERENCES `programmas` (`id`)
) ENGINE=InnoDB DEFAULT CHARSET=utf8mb4 COLLATE=utf8mb4_unicode_ci;
/*!40101 SET character_set_client = @saved_cs_client */;

--
-- Dumping data for table `wedstrijdprogrammas`
--

LOCK TABLES `wedstrijdprogrammas` WRITE;
/*!40000 ALTER TABLE `wedstrijdprogrammas` DISABLE KEYS */;
INSERT INTO `wedstrijdprogrammas` VALUES (1,1,1,1,'11+','18:00:00'),(2,1,19,2,'11+','18:25:00'),(3,1,7,3,'11+','18:50:00'),(4,1,25,4,'11+','19:00:00'),(5,1,13,5,'11+','19:35:00'),(6,1,31,6,'11+','19:55:00'),(7,1,10,7,'11+','20:10:00'),(8,1,28,8,'11+','20:25:00'),(9,2,2,9,'11+','08:30:00'),(10,2,29,10,'11+','09:25:00'),(11,2,8,11,'11+','10:35:00'),(12,2,32,12,'11+','11:35:00'),(13,3,2,13,'9-10','13:30:00'),(14,3,35,14,'9-10','13:35:00'),(15,3,35,15,'11+','13:45:00'),(16,3,11,16,'9-10','15:15:00'),(17,5,20,17,'11+','08:30:00'),(18,5,11,18,'11+','09:20:00'),(19,5,26,19,'11+','10:30:00'),(20,5,14,20,'11+','11:25:00'),(21,6,20,21,'9-10','13:30:00'),(22,6,17,22,'9-10','13:40:00'),(23,6,17,23,'11+','13:45:00'),(24,6,29,24,'9-10','15:00:00');
/*!40000 ALTER TABLE `wedstrijdprogrammas` ENABLE KEYS */;
UNLOCK TABLES;

--
-- Table structure for table `zwembaden`
--

DROP TABLE IF EXISTS `zwembaden`;
/*!40101 SET @saved_cs_client     = @@character_set_client */;
/*!50503 SET character_set_client = utf8mb4 */;
CREATE TABLE `zwembaden` (
  `id` int NOT NULL AUTO_INCREMENT,
  `adres_id` int NOT NULL,
  `lengte` enum('25','50') COLLATE utf8mb4_unicode_ci NOT NULL,
  `aantal_banen` enum('4','5','6','8','10') COLLATE utf8mb4_unicode_ci NOT NULL,
  `naam` varchar(45) COLLATE utf8mb4_unicode_ci NOT NULL DEFAULT 'DUMMY',
  PRIMARY KEY (`id`),
  KEY `fk_zwembaden_adressen1_idx` (`adres_id`),
  CONSTRAINT `fk_zwembaden_adressen1` FOREIGN KEY (`adres_id`) REFERENCES `adressen` (`id`)
) ENGINE=InnoDB AUTO_INCREMENT=3 DEFAULT CHARSET=utf8mb4 COLLATE=utf8mb4_unicode_ci;
/*!40101 SET character_set_client = @saved_cs_client */;

--
-- Dumping data for table `zwembaden`
--

LOCK TABLES `zwembaden` WRITE;
/*!40000 ALTER TABLE `zwembaden` DISABLE KEYS */;
INSERT INTO `zwembaden` VALUES (1,1,'50','10','Lago Gent Rozebroeken'),(2,2,'50','10','Zwembad Brigitte Becue');
/*!40000 ALTER TABLE `zwembaden` ENABLE KEYS */;
UNLOCK TABLES;

--
-- Table structure for table `zwemmers`
--

DROP TABLE IF EXISTS `zwemmers`;
/*!40101 SET @saved_cs_client     = @@character_set_client */;
/*!50503 SET character_set_client = utf8mb4 */;
CREATE TABLE `zwemmers` (
  `persoon_id` int NOT NULL,
  `finapunten` int NOT NULL,
  PRIMARY KEY (`persoon_id`),
  CONSTRAINT `fk_zwemmers_personen` FOREIGN KEY (`persoon_id`) REFERENCES `personen` (`id`)
) ENGINE=InnoDB DEFAULT CHARSET=utf8mb4 COLLATE=utf8mb4_unicode_ci;
/*!40101 SET character_set_client = @saved_cs_client */;

--
-- Dumping data for table `zwemmers`
--

LOCK TABLES `zwemmers` WRITE;
/*!40000 ALTER TABLE `zwemmers` DISABLE KEYS */;
INSERT INTO `zwemmers` VALUES (812,230),(813,408),(814,481),(815,518),(816,338),(817,372),(818,606),(819,332),(820,539),(821,524),(822,222),(823,631),(824,412),(825,387),(826,334),(827,683),(828,601),(829,215),(830,203),(831,669),(832,217),(833,574),(834,494),(835,532),(836,654),(837,672),(838,259),(839,341),(840,477),(841,525),(842,685),(843,375),(844,386),(845,674),(846,407),(847,497),(848,373),(849,635),(850,286),(851,462),(852,222),(853,560),(854,666),(855,633),(856,508),(857,281),(858,499),(859,322),(860,513),(861,636),(862,625),(863,289),(864,336),(865,468),(866,569),(867,465),(868,251),(869,692),(870,303),(871,566),(872,534),(873,224),(874,261),(875,564),(876,387),(877,383),(878,339),(879,590),(880,355),(881,259),(882,561),(883,239),(884,459),(885,637),(886,642),(887,598),(888,530),(889,212),(890,519),(891,302),(892,384),(893,204),(894,680),(895,288),(896,321),(897,490),(898,321),(899,380),(900,521),(901,283),(902,264),(903,398),(904,613),(905,655),(906,520),(907,204),(908,412),(909,474),(910,209),(911,484),(912,528),(913,516),(914,416),(915,584),(916,379),(917,332),(918,657),(919,402),(920,680),(921,444),(922,334),(923,423),(924,579),(925,418),(926,268),(927,370),(928,364),(929,220),(930,654),(931,568),(932,551),(933,219),(934,403),(935,645),(936,495),(937,339),(938,260),(939,690),(940,287),(941,637),(942,623),(943,311),(944,628),(945,410),(946,679),(947,315),(948,227),(949,669),(950,573),(951,582),(952,673),(953,321),(954,384),(955,222),(956,226),(957,680),(958,454),(959,325),(960,203),(961,633),(962,643),(963,688),(964,327),(965,381),(966,530),(967,432),(968,212),(969,519),(970,588),(971,369),(972,556),(973,686),(974,374),(975,578),(976,304),(977,451),(978,466),(979,430),(980,605),(981,680),(982,659),(983,380),(984,486),(985,669),(986,668),(987,246),(988,662),(989,383),(990,530),(991,242),(992,666),(993,291),(994,337),(995,436),(996,220),(997,315),(998,679),(999,575),(1000,613),(1001,692),(1002,295),(1003,355),(1004,652),(1005,339),(1006,216),(1007,223),(1008,202),(1009,625),(1010,364),(1011,327),(1012,579),(1013,451),(1014,510),(1015,338),(1016,327),(1017,645),(1018,348),(1019,448),(1020,551),(1021,377),(1022,390),(1023,367),(1024,306),(1025,555),(1026,431),(1027,491),(1028,207),(1029,205),(1030,453),(1031,426),(1032,367),(1033,274),(1034,314),(1035,244),(1036,685),(1037,585),(1038,628),(1039,685),(1040,264),(1041,641),(1042,669),(1043,698),(1044,508),(1045,223),(1046,247),(1047,225),(1048,640),(1049,516),(1050,639),(1051,231),(1052,257),(1053,253),(1054,639),(1055,576),(1056,286),(1057,290),(1058,649),(1059,215),(1060,332),(1061,525),(1062,423),(1063,391),(1064,664),(1065,635),(1066,616),(1067,488),(1068,537),(1069,572),(1070,362),(1071,463),(1072,570),(1073,652),(1074,232),(1075,381),(1076,421),(1077,517),(1078,697),(1079,608),(1080,632),(1081,222),(1082,350),(1083,223),(1084,580),(1085,229),(1086,244),(1087,517),(1088,244),(1089,546),(1090,572),(1091,250),(1092,210),(1093,507),(1094,347),(1095,463),(1096,484),(1097,508),(1098,507),(1099,660),(1100,640),(1101,431),(1102,387),(1103,602),(1104,302),(1105,398),(1106,435),(1107,300),(1108,650),(1109,508),(1110,246),(1111,547),(1112,249),(1113,455),(1114,603),(1115,430),(1116,318),(1117,448),(1118,479),(1119,693),(1120,410),(1121,430),(1122,658),(1123,487),(1124,270),(1125,504),(1126,203),(1127,676),(1128,205),(1129,312),(1130,549),(1131,239),(1132,393),(1133,407),(1134,507),(1135,244),(1136,657),(1137,374),(1138,226),(1139,223),(1140,583),(1141,251),(1142,571),(1143,250),(1144,480),(1145,297),(1146,489),(1147,337),(1148,402),(1149,348),(1150,378),(1151,697),(1152,568),(1153,554),(1154,321),(1155,493),(1156,228),(1157,634),(1158,471),(1159,352),(1160,503),(1161,658),(1162,345),(1163,465),(1164,318),(1165,508),(1166,544),(1167,624),(1168,698),(1169,608),(1170,503),(1171,266),(1172,651),(1173,378),(1174,687),(1175,331),(1176,627),(1177,291),(1178,638),(1179,622),(1180,423),(1181,289),(1182,347),(1183,276),(1184,232),(1185,559),(1186,379),(1187,568),(1188,558),(1189,587),(1190,273),(1191,316),(1192,635),(1193,602),(1194,524),(1195,249),(1196,355),(1197,215),(1198,316),(1199,633),(1200,558),(1201,349),(1202,226),(1203,563),(1204,200),(1205,272),(1206,226),(1207,340),(1208,499),(1209,325),(1210,357),(1211,324),(1212,224),(1213,232),(1214,314),(1215,514),(1216,368),(1217,239),(1218,345),(1219,348),(1220,367),(1221,396),(1222,249),(1223,564),(1224,612),(1225,423),(1226,299),(1227,449),(1228,662),(1229,696),(1230,402),(1231,414),(1232,336),(1233,242),(1234,408),(1235,565),(1236,486),(1237,550),(1238,268),(1239,395),(1240,233),(1241,319),(1242,370),(1243,573),(1244,329),(1245,579),(1246,667),(1247,672),(1248,687),(1249,421),(1250,599),(1251,279),(1252,513),(1253,345),(1254,478),(1255,579),(1256,419),(1257,545),(1258,413),(1259,557),(1260,563),(1261,685),(1262,337),(1263,376),(1264,430),(1265,218),(1266,322),(1267,438),(1268,200),(1269,246),(1270,658),(1271,686),(1272,650),(1273,682),(1274,689),(1275,302),(1276,437),(1277,530),(1278,518),(1279,283),(1280,240),(1281,356),(1282,309),(1283,299),(1284,234),(1285,233),(1286,359),(1287,335),(1288,532),(1289,323),(1290,286),(1291,232),(1292,488),(1293,378),(1294,475),(1295,326),(1296,577),(1297,238),(1298,657),(1299,381),(1300,595),(1301,330),(1302,514),(1303,414),(1304,512),(1305,692),(1306,410),(1307,257),(1308,592),(1309,556),(1310,561),(1311,204),(1312,610),(1313,234),(1314,494),(1315,249),(1316,473),(1317,648),(1318,592),(1319,568),(1320,373),(1321,421),(1322,654),(1323,571),(1324,639),(1325,508),(1326,606),(1327,506),(1328,275),(1329,368),(1330,329),(1331,554),(1332,660),(1333,247),(1334,507),(1335,281),(1336,554),(1337,241),(1338,593),(1339,537),(1340,444),(1341,242),(1342,500),(1343,635),(1344,510),(1345,645),(1346,215),(1347,342),(1348,213),(1349,416),(1350,352),(1351,430),(1352,504),(1353,490),(1354,466),(1355,653),(1356,285),(1357,347),(1358,547),(1359,601),(1360,447),(1361,699),(1362,204),(1363,375),(1364,291),(1365,507),(1366,313),(1367,419),(1368,200),(1369,312),(1370,675),(1371,685),(1372,312),(1373,465),(1374,584),(1375,325),(1376,566),(1377,543),(1378,266),(1379,207),(1380,259),(1381,327),(1382,282),(1383,408),(1384,544),(1385,541),(1386,449),(1387,356),(1388,613),(1389,357),(1390,477),(1391,268),(1392,642),(1393,601),(1394,200),(1395,569),(1396,484),(1397,686),(1398,664),(1399,658),(1400,229),(1401,570),(1402,528),(1403,681),(1404,220),(1405,211),(1406,263),(1407,676),(1408,447),(1409,407),(1410,559),(1411,259),(1412,639),(1413,496),(1414,436),(1415,216),(1416,316),(1417,384),(1418,581),(1419,512),(1420,652),(1421,516),(1422,648),(1423,526),(1424,571),(1425,425),(1426,675),(1427,347),(1428,298),(1429,413),(1430,240),(1431,242),(1432,266),(1433,401),(1434,379),(1435,548),(1436,403),(1437,379),(1438,457),(1439,288),(1440,387),(1441,222),(1442,644),(1443,609),(1444,346),(1445,331),(1446,329),(1447,682),(1448,662),(1449,426),(1450,222),(1451,340),(1452,629),(1453,244),(1454,341),(1455,232),(1456,544),(1457,669),(1458,212),(1459,619),(1460,243),(1461,626),(1462,609),(1463,320),(1464,287),(1465,222),(1466,377),(1467,425),(1468,453),(1469,664),(1470,347),(1471,526),(1472,231),(1473,542),(1474,235),(1475,217),(1476,687),(1477,376),(1478,412),(1479,449),(1480,685),(1481,423),(1482,362),(1483,244),(1484,286),(1485,571),(1486,595),(1487,616),(1488,630),(1489,320),(1490,300),(1491,447),(1492,494),(1493,267),(1494,578),(1495,673),(1496,288),(1497,359),(1498,635),(1499,243),(1500,314),(1501,485),(1502,332),(1503,217),(1504,534),(1505,518),(1506,245),(1507,542),(1508,570),(1509,278),(1510,672),(1511,635),(1512,567),(1513,411),(1514,664),(1515,682),(1516,599),(1517,494),(1518,602),(1519,343),(1520,340),(1521,347),(1522,425),(1523,340),(1524,226),(1525,675),(1526,506),(1527,557),(1528,632),(1529,381),(1530,308),(1531,565),(1532,461),(1533,424),(1534,595),(1535,508),(1536,523),(1537,385),(1538,667),(1539,387),(1540,654),(1541,225),(1542,385),(1543,358),(1544,468),(1545,692),(1546,202),(1547,649),(1548,658),(1549,536),(1550,462),(1551,520),(1552,689),(1553,658),(1554,422),(1555,654),(1556,283),(1557,239),(1558,306),(1559,413),(1560,439),(1561,671),(1562,336),(1563,516),(1564,473),(1565,413),(1566,378),(1567,500),(1568,203),(1569,683),(1570,518),(1571,672),(1572,439),(1573,323),(1574,438),(1575,594),(1576,293),(1577,392),(1578,562),(1579,601),(1580,519),(1581,473),(1582,467),(1583,674),(1584,409),(1585,609);
/*!40000 ALTER TABLE `zwemmers` ENABLE KEYS */;
UNLOCK TABLES;
/*!40103 SET TIME_ZONE=@OLD_TIME_ZONE */;

/*!40101 SET SQL_MODE=@OLD_SQL_MODE */;
/*!40014 SET FOREIGN_KEY_CHECKS=@OLD_FOREIGN_KEY_CHECKS */;
/*!40014 SET UNIQUE_CHECKS=@OLD_UNIQUE_CHECKS */;
/*!40101 SET CHARACTER_SET_CLIENT=@OLD_CHARACTER_SET_CLIENT */;
/*!40101 SET CHARACTER_SET_RESULTS=@OLD_CHARACTER_SET_RESULTS */;
/*!40101 SET COLLATION_CONNECTION=@OLD_COLLATION_CONNECTION */;
/*!40111 SET SQL_NOTES=@OLD_SQL_NOTES */;

-- Dump completed on 2023-05-26  6:59:02
